items_id,rfid,model_id,dateAcquired,location_id,serialNum,comments,price,pbhrnumber,user_id,accountedFor,alias,delete_Boolean
4669,2F2203138544D32000000055,5184,NULL,53,9L80MM1,NULL,1710,NULL,89,NULL,USMANBDDRYNOLDS,
5138,2F2203438544D32000000002,5178,NULL,58,SG50330039,NULL,142.52,NULL,11,Missing,NULL,
5139,2F2203438544D32000000003,5178,NULL,58,SG50260003,NULL,142.52,NULL,152,Missing,NULL,
5140,2F2203438544D32000000004,5178,NULL,58,SG50270002,NULL,142.52,NULL,152,Missing,NULL,
5141,2F2203438544D32000000007,5178,NULL,58,SG50330026,NULL,142.52,NULL,152,Missing,NULL,
4692,2F2203438544D32000000009,5178,NULL,53,SG50330027,NULL,142.52,NULL,152,Missing,NULL,
4654,2F2203438544D3200000000B,5178,NULL,50,SG50330016,NULL,142.52,NULL,47,Missing,NULL,
4693,2F2203438544D3200000000F,5178,NULL,53,SG50330017,NULL,142.52,NULL,32,Missing,NULL,
4694,2F2203438544D32000000011,5178,NULL,53,SG50330046,NULL,142.52,NULL,47,Missing,NULL,
5042,2F2203438544D32000000037,5206,NULL,57,CN0W160G7287298H0EPI,NULL,129,NULL,44,Missing,NULL,
5043,2F2203438544D32000000038,5206,NULL,57,CN0W160G7287297U0L5I,NULL,129,NULL,152,Missing,NULL,
5044,2F2203438544D32000000039,5206,NULL,57,CN0W160G7287297U0KRI,NULL,129,NULL,25,Missing,NULL,
5045,2F2203438544D3200000003A,5206,NULL,57,CN0W160G7287297U04WI,NULL,129,NULL,44,Missing,NULL,
5046,2F2203438544D3200000003B,5206,NULL,57,CN0W160G7287297U0MKI,NULL,129,NULL,44,Missing,NULL,
5047,2F2203438544D3200000003C,5206,NULL,57,CN0W160G7287297U0KDI,NULL,129,NULL,44,Missing,NULL,
5048,2F2203438544D3200000003D,5206,NULL,57,CN0W160G7287297U0KVI,NULL,129,NULL,44,Missing,NULL,
5049,2F2203438544D3200000003E,5206,NULL,57,CN0W160G7287298H0UCI,NULL,129,NULL,44,Missing,NULL,
5050,2F2203438544D3200000003F,5206,NULL,57,CN0W160G7287298H0GCI,NULL,129,NULL,44,Missing,NULL,
5051,2F2203438544D32000000040,5206,NULL,57,CN0W160G7287298H0GNI,NULL,129,NULL,44,Missing,NULL,
5052,2F2203438544D32000000041,5206,NULL,57,CN0W160G7287298H0FYI,NULL,129,NULL,44,Missing,NULL,
5053,2F2203438544D32000000042,5206,NULL,57,CN0W160G7287298H0E4I,NULL,129,NULL,44,Missing,NULL,
5054,2F2203438544D32000000043,5206,NULL,57,CN0W160G7287298H297I,NULL,129,NULL,44,Missing,NULL,
5055,2F2203438544D32000000044,5206,NULL,57,CN0W160G7287298H0G6I,NULL,129,NULL,44,Missing,NULL,
5056,2F2203438544D32000000045,5206,NULL,57,CN0W160G7287298H0G9I,NULL,129,NULL,44,Missing,NULL,
5003,2F2203438544D32000000046,5166,NULL,57,9Z99ZK1,NULL,955,NULL,44,Missing,USMAWKDD10604,
5004,2F2203438544D32000000047,5166,NULL,57,JTD9ZK1,NULL,955,NULL,44,Missing,USMAWKDD10603,
5005,2F2203438544D32000000048,5166,NULL,57,5C19ZK1,NULL,955,NULL,44,Missing,USMAWKDD10602,
5006,2F2203438544D32000000049,5166,NULL,57,FQ1WVK1,NULL,955,NULL,44,Missing,USMAWKDD10601,
5007,2F2203438544D3200000004A,5166,NULL,57,CN1WVK1,NULL,955,NULL,44,Missing,USMAWKDD10607,
5008,2F2203438544D3200000004B,5166,NULL,57,GC19ZK1,NULL,955,NULL,44,Missing,USMAWKDD10606,
5009,2F2203438544D3200000004C,5166,NULL,57,7YL9ZK1,NULL,955,NULL,44,Missing,USMAWKDD10605,
5010,2F2203438544D3200000004D,5166,NULL,57,3R1WVK1,NULL,955,NULL,44,Missing,USMAWKDD10600,
5011,2F2203438544D3200000004E,5166,NULL,57,FMH9ZK1,NULL,955,NULL,44,Missing,USMAWKDD10610,
5012,2F2203438544D3200000004F,5166,NULL,57,2Z99ZK1,NULL,955,NULL,44,Missing,USMAWKDD10609,
5013,2F2203438544D32000000050,5166,NULL,57,BR1WVK1,NULL,955,NULL,44,Missing,USMAWKDD10608,
5014,2F2203438544D32000000051,5166,NULL,57,GLH9ZK1,NULL,955,NULL,44,Found,USMAWKDD10614,
5015,2F2203438544D32000000052,5166,NULL,57,4MH9ZK1,NULL,955,NULL,44,Found,USMAWKDD10613,
5016,2F2203438544D32000000053,5166,NULL,57,3WN9ZK1,NULL,955,NULL,44,Found,USMAWKDD10612,
5017,2F2203438544D32000000054,5166,NULL,57,9MH9ZK1,NULL,955,NULL,44,Found,USMAWKDD10611,
4520,2F2203438544D32000000068,5166,NULL,48,2C19ZK1,Spare Desktops,955,NULL,44,Missing,NULL,
4534,2F2203438544D3200000006C,5169,NULL,48,4234YB1,IT305 Training Laptop,NULL,NULL,44,Missing,NULL,
4535,2F2203438544D3200000006D,5169,NULL,48,H3X26B1,IT305 Training Laptop,NULL,NULL,44,Missing,NULL,
4536,2F2203438544D3200000006E,5169,NULL,48,JXSB7D1,IT305 Training Laptop,NULL,NULL,44,Found,NULL,
4537,2F2203438544D3200000006F,5169,NULL,48,81SB7D1,IT305 Training Laptop,NULL,NULL,44,Missing,NULL,
4538,2F2203438544D32000000070,5169,NULL,48,6PW26B1,IT305 Training Laptop,NULL,NULL,44,Found,NULL,
4539,2F2203438544D32000000071,5169,NULL,48,54X26B1,IT305 Training Laptop,NULL,NULL,44,Found,NULL,
4540,2F2203438544D32000000072,5169,NULL,48,85X26B1,IT305 Training Laptop,NULL,NULL,44,Missing,NULL,
4663,2F2203438544D32000000073,5180,NULL,50,KR49531023,NULL,1026.42,NULL,44,Missing,NULL,
4644,2F2203438544D32000000075,5172,NULL,48,CN05Y2327161837LA202,NULL,189,NULL,44,Missing,NULL,
5087,2F2203438544D32000000077,5182,NULL,58,5933U040671,NULL,4855.82,NULL,44,Missing,NULL,
4761,2F2203438544D3200000009E,5196,NULL,55,MX0P875P7071505N0QZS,NULL,NULL,NULL,47,NULL,NULL,
4518,2F2203438544D3200000009F,0,NULL,48,C0J42WVK1,NULL,NULL,NULL,50,Found,NULL,
4762,2F2203438544D320000000A0,5196,NULL,55,MX0P875P7071505N0KRS,NULL,NULL,NULL,47,NULL,NULL,
4763,2F2203438544D320000000A1,5196,NULL,55,MX0P875P7071505N0KMS,NULL,NULL,NULL,136,NULL,NULL,
4764,2F2203438544D320000000A2,5196,NULL,55,MX0P875P7071505N0KPS,NULL,NULL,NULL,136,NULL,NULL,
4765,2F2203438544D320000000A3,5196,NULL,55,MX0P875P7071505N0KTS,NULL,NULL,NULL,99,NULL,NULL,
4766,2F2203438544D320000000A4,5196,NULL,55,MX0P875P7071505N0KSS,NULL,NULL,NULL,32,NULL,NULL,
4733,2F2203438544D320000000A5,5184,NULL,55,FZHNKN1,NULL,1710,BEE/FG258G,103,Found,NULL,
4734,2F2203438544D320000000A6,5184,NULL,55,FZHMKN1,NULL,1710,NULL,50,Found,NULL,
4735,2F2203438544D320000000A7,5184,NULL,55,FZJMKN1,NULL,1710,NULL,103,Found,NULL,
4736,2F2203438544D320000000A8,5184,NULL,55,FZJNKN1,NULL,1710,NULL,50,Found,NULL,
4737,2F2203438544D320000000A9,5184,NULL,55,FZJPKN1,NULL,1710,NULL,50,Found,NULL,
4738,2F2203438544D320000000AA,5184,NULL,55,FZHPKN1,NULL,1710,NULL,99,Found,NULL,
4725,2F2203438544D320000000B1,5193,NULL,54,SG50340113,NULL,12417.84,NULL,53,Missing,NULL,
4726,2F2203438544D320000000B2,5193,NULL,54,SG50340107,NULL,12417.84,NULL,50,Missing,NULL,
5076,2F2203438544D320000000B3,5193,NULL,57,SG50340109,NULL,12417.84,NULL,32,Found,NULL,
5265,2F2203438544D320000000B6,5193,NULL,59,SG50340111,NULL,12417.84,NULL,133,Found,NULL,
5361,2F2203438544D320000000B7,5193,NULL,60,SG50340106,NULL,12417.84,NULL,133,Found,NULL,
4519,2F2203438544D320000000B9,5165,NULL,48,CFNNVD1,NULL,NULL,NULL,99,Found,NULL,
4541,2F2203438544D320000000BA,5169,NULL,48,JTSB7D1,IT305 Training Laptop,NULL,NULL,26,Missing,NULL,
4542,2F2203438544D320000000BB,5169,NULL,48,D4X26B1,IT305 Training Laptop,NULL,NULL,133,Missing,NULL,
4543,2F2203438544D320000000BC,5169,NULL,48,CVTB7D1,IT305 Training Laptop,NULL,NULL,32,Missing,NULL,
4544,2F2203438544D320000000BD,5169,NULL,48,J034YB1,IT305 Training Laptop,NULL,NULL,50,Missing,NULL,
4545,2F2203438544D320000000BE,5169,NULL,48,50PV9B1,IT305 Training Laptop,NULL,NULL,44,Missing,NULL,
4546,2F2203438544D320000000BF,5169,NULL,48,5WSB7D1,IT305 Training Laptop,NULL,NULL,44,Missing,NULL,
4547,2F2203438544D320000000C0,5169,NULL,48,79X26B1,IT305 Training Laptop,NULL,NULL,44,Missing,NULL,
4548,2F2203438544D320000000C1,5169,NULL,48,DJ13YB1,IT305 Training Laptop,NULL,NULL,44,Missing,NULL,
4549,2F2203438544D320000000C2,5169,NULL,48,49X26B1,IT305 Training Laptop,NULL,NULL,44,Missing,NULL,
4550,2F2203438544D320000000C3,5169,NULL,48,CVJ36B1,IT305 Training Laptop,NULL,NULL,44,Missing,NULL,
4551,2F2203438544D320000000C4,5169,NULL,48,75X26B1,IT305 Training Laptop,NULL,NULL,44,Missing,NULL,
4552,2F2203438544D320000000C5,5169,NULL,48,12SB7D1,IT305 Training Laptop,NULL,NULL,44,Missing,NULL,
4553,2F2203438544D320000000C6,5169,NULL,48,89X26B1,IT305 Training Laptop,NULL,NULL,44,Missing,NULL,
4554,2F2203438544D320000000C7,5169,NULL,48,69X26B1,IT305 Training Laptop,NULL,NULL,44,Missing,NULL,
4555,2F2203438544D320000000C8,5169,NULL,48,15XL5B1,IT305 Training Laptop,NULL,NULL,44,Missing,NULL,
4533,2F2203438544D320000000CB,5168,NULL,48,5J8KKK1,NULL,NULL,NULL,44,Found,USMANBDDDICK2,
4556,2F2203438544D320000000CC,5169,NULL,48,29X26B1,IT305 Training Laptop,NULL,NULL,44,Missing,NULL,
4557,2F2203438544D320000000CD,5169,NULL,48,74XL5B1,IT305 Training Laptop,NULL,NULL,44,Missing,NULL,
4558,2F2203438544D320000000CE,5169,NULL,48,59X26B1,IT305 Training Laptop,NULL,NULL,44,Missing,NULL,
4559,2F2203438544D320000000CF,5169,NULL,48,2MW26B1,IT305 Training Laptop,NULL,NULL,44,Missing,NULL,
4560,2F2203438544D320000000D0,5169,NULL,48,3MW26B1,IT305 Training Laptop,NULL,NULL,44,Missing,NULL,
4561,2F2203438544D320000000D1,5169,NULL,48,4MW26B1,IT305 Training Laptop,NULL,NULL,44,Missing,NULL,
4562,2F2203438544D320000000D2,5169,NULL,48,J0SB7D1,IT305 Training Laptop,NULL,NULL,44,Missing,NULL,
4563,2F2203438544D320000000D3,5169,NULL,48,3VSB7D1,IT305 Training Laptop,NULL,NULL,44,Missing,NULL,
4564,2F2203438544D320000000D4,5169,NULL,48,6JW26B1,IT305 Training Laptop,NULL,NULL,44,Missing,NULL,
4565,2F2203438544D320000000D5,5169,NULL,48,78X26B1,IT305 Training Laptop,NULL,NULL,44,Missing,NULL,
4566,2F2203438544D320000000D6,5169,NULL,48,18X26B1,IT305 Training Laptop,NULL,NULL,44,Missing,NULL,
4567,2F2203438544D320000000D7,5169,NULL,48,JQW26B1,IT305 Training Laptop,NULL,NULL,44,Missing,NULL,
4568,2F2203438544D320000000D8,5169,NULL,48,4MS3YB1,IT305 Training Laptop,NULL,NULL,44,Found,NULL,
4569,2F2203438544D320000000D9,5169,NULL,48,BQW26B1,IT305 Training Laptop,NULL,NULL,44,Found,NULL,
4570,2F2203438544D320000000DA,5169,NULL,48,2QW26B1,IT305 Training Laptop,NULL,NULL,44,Found,NULL,
4571,2F2203438544D320000000DB,5169,NULL,48,62SB7D1,IT305 Training Laptop,NULL,NULL,44,Found,NULL,
4572,2F2203438544D320000000DC,5169,NULL,48,22SB7D1,IT305 Training Laptop,NULL,NULL,44,Found,NULL,
4573,2F2203438544D320000000DD,5169,NULL,48,GJPM5B1,IT305 Training Laptop,NULL,NULL,44,Found,NULL,
4574,2F2203438544D320000000DE,5169,NULL,48,G8GQZB1,IT305 Training Laptop,NULL,NULL,44,Found,NULL,
4575,2F2203438544D320000000DF,5169,NULL,48,GQW26B1,IT305 Training Laptop,NULL,NULL,44,Found,NULL,
4576,2F2203438544D320000000E0,5169,NULL,48,FSW26B1,IT305 Training Laptop,NULL,NULL,44,Found,NULL,
4577,2F2203438544D320000000E1,5169,NULL,48,1JW26B1,IT305 Training Laptop,NULL,NULL,44,Found,NULL,
4578,2F2203438544D320000000E2,5169,NULL,48,1S24YB1,IT305 Training Laptop,NULL,NULL,44,Found,NULL,
4579,2F2203438544D320000000E3,5169,NULL,48,3KW26B1,IT305 Training Laptop,NULL,NULL,44,Found,NULL,
4580,2F2203438544D320000000E4,5169,NULL,48,6XSB7D1,IT305 Training Laptop,NULL,NULL,44,Found,NULL,
4581,2F2203438544D320000000E5,5169,NULL,48,DQXSBC1,IT305 Training Laptop,NULL,NULL,44,Found,NULL,
4582,2F2203438544D320000000E6,5169,NULL,48,H4XL5B1,IT305 Training Laptop,NULL,NULL,44,Found,NULL,
4583,2F2203438544D320000000E7,5169,NULL,48,4RW26B1,IT305 Training Laptop,NULL,NULL,44,Found,NULL,
4584,2F2203438544D320000000E8,5169,NULL,48,C4X26B1,IT305 Training Laptop,NULL,NULL,44,Found,NULL,
4585,2F2203438544D320000000E9,5169,NULL,48,D8X26B1,IT305 Training Laptop,NULL,NULL,44,Found,NULL,
4586,2F2203438544D320000000EA,5169,NULL,48,HWJ36B1,IT305 Training Laptop,NULL,NULL,44,Found,NULL,
4587,2F2203438544D320000000EB,5169,NULL,48,4JW26B1,IT305 Training Laptop,NULL,NULL,44,Found,NULL,
4588,2F2203438544D320000000EC,5169,NULL,48,F134YB1,IT305 Training Laptop,NULL,NULL,44,Found,NULL,
4589,2F2203438544D320000000ED,5169,NULL,48,GRW26B1,IT305 Training Laptop,NULL,NULL,44,Found,NULL,
4590,2F2203438544D320000000EE,5169,NULL,48,DFPV9B1,IT305 Training Laptop,NULL,NULL,44,Found,NULL,
4723,2F2203438544D320000000EF,5179,NULL,54,MY44003752,NULL,10891.05,NULL,44,NULL,NULL,
4521,2F2203438544D32000000109,5166,NULL,48,4SVNVD1,Spare Desktops,955,NULL,44,Found,NULL,
4522,2F2203438544D3200000010A,5166,NULL,48,JQ1WVK1,Spare Desktops,955,NULL,44,Found,NULL,
4523,2F2203438544D3200000010B,5166,NULL,48,742WVK1,Spare Desktops,955,NULL,44,Found,NULL,
4524,2F2203438544D3200000010C,5166,NULL,48,J43WVK1,Spare Desktops,955,NULL,152,Found,NULL,
4525,2F2203438544D3200000010D,5166,NULL,48,GD8NVD1,Spare Desktops,955,NULL,50,Found,NULL,
4526,2F2203438544D3200000010E,5166,NULL,48,3PVNVD1,Spare Desktops,955,NULL,4,Found,NULL,
4527,2F2203438544D3200000010F,5166,NULL,48,5LVNVD1,Spare Desktops,955,NULL,44,Found,NULL,
4528,2F2203438544D32000000110,5166,NULL,48,1QVNVD1,Spare Desktops,955,NULL,44,Found,NULL,
4529,2F2203438544D32000000111,5166,NULL,48,B5MXZK1,NULL,955,NULL,44,Found,NULL,
4668,2F2203438544D3200000012B,5166,NULL,53,B42WVK1,NULL,955,NULL,44,Missing,USMAWKDDLEE,
4689,2F2203438544D32000000147,5186,NULL,53,MX0G283H742629911FUS,NULL,400,NULL,44,Found,NULL,
4690,2F2203438544D32000000148,5186,NULL,53,MX0G283H742629911FHS,NULL,400,NULL,44,Found,NULL,
4688,2F2203438544D32000000149,5185,NULL,53,CN0W160G7287298H0V6I,NULL,NULL,NULL,142,Missing,NULL,
4691,2F2203438544D3200000014A,5186,NULL,53,MX0G283H74262991190S,NULL,400,NULL,117,Missing,NULL,
4591,2F2203438544D3200000014D,5170,NULL,48,KG175D012596,AAR pending for s/n chang,9900,NULL,135,NULL,NULL,
4666,2F2203447334C31000000000,5173,NULL,52,146710B,developing cal proc.,2496.75,NULL,28,Missing,NULL,
5193,2F2203447334C31000000201,5160,NULL,59,MY40017363,NULL,3885.35,NULL,44,Missing,NULL,
4802,2F2203447334C31000000202,5174,NULL,56,SG40008430,NULL,1900,NULL,44,Found,NULL,
5078,2F2203447334C31000000203,5176,NULL,57,SG40015234,NULL,1055.7,NULL,11,Missing,NULL,
4803,2F2203447334C31000000204,5174,NULL,56,SG40008427,NULL,1900,NULL,64,Found,NULL,
5028,2F2203447334C31000000205,5201,NULL,57,US42180119,NULL,850,NULL,50,Missing,NULL,
5079,2F2203447334C31000000206,5176,NULL,57,SG40015236,NULL,1055.7,NULL,28,Missing,NULL,
4804,2F2203447334C31000000207,5174,NULL,56,SG40017911,NULL,1900,NULL,44,Found,NULL,
5080,2F2203447334C31000000208,5176,NULL,57,SG40015240,NULL,1055.7,NULL,91,Found,NULL,
5031,2F2203447334C31000000209,5189,NULL,57,SG40101601,NULL,3120,NULL,10,Found,NULL,
5273,2F2203447334C3100000020A,5176,NULL,59,SG40005454,NULL,1055.7,NULL,26,Missing,NULL,
5194,2F2203447334C3100000020B,5160,NULL,59,MY40018274,NULL,3885.35,NULL,99,Missing,NULL,
5195,2F2203447334C3100000020C,5160,NULL,59,MY40017365,NULL,3885.35,NULL,47,Missing,NULL,
5274,2F2203447334C3100000020D,5176,NULL,59,MY40039309,NULL,1055.7,NULL,99,Missing,NULL,
5208,2F2203447334C3100000020E,5189,NULL,59,MY40104661,NULL,3120,NULL,99,Missing,NULL,
5209,2F2203447334C3100000020F,5189,NULL,59,SG40101609,NULL,3120,NULL,99,Missing,NULL,
5275,2F2203447334C31000000210,5176,NULL,59,MY40039401,NULL,1055.7,NULL,26,Missing,NULL,
5196,2F2203447334C31000000211,5160,NULL,59,MY40018324,NULL,3885.35,NULL,26,Missing,NULL,
5276,2F2203447334C31000000212,5176,NULL,59,MY40039545,NULL,1055.7,NULL,26,Missing,NULL,
5197,2F2203447334C31000000213,5160,NULL,59,MY40018412,NULL,3885.35,NULL,26,Missing,NULL,
5198,2F2203447334C31000000214,5160,NULL,59,MY40017405,NULL,3885.35,NULL,26,Missing,NULL,
5277,2F2203447334C31000000215,5176,NULL,59,MY40038313,NULL,1055.7,NULL,26,Missing,NULL,
5278,2F2203447334C31000000216,5176,NULL,59,MY40039385,NULL,1055.7,NULL,26,Missing,NULL,
5199,2F2203447334C31000000217,5160,NULL,59,SG40004526,NULL,3885.35,NULL,26,Missing,NULL,
5279,2F2203447334C31000000218,5176,NULL,59,MY40038839,NULL,1055.7,NULL,26,Missing,NULL,
5200,2F2203447334C31000000219,5160,NULL,59,MY40016416,NULL,3885.35,NULL,26,Missing,NULL,
5475,2F2203447334C3100000021A,5190,NULL,61,MY47012633,NULL,1118.8,NULL,26,Missing,NULL,
5476,2F2203447334C3100000021C,5190,NULL,61,MY47012493,NULL,1118.8,NULL,26,Missing,NULL,
5340,2F2203447334C3100000021E,5190,NULL,60,MY47012586,NULL,1118.8,NULL,26,Missing,NULL,
4715,2F2203447334C3100000021F,5190,NULL,54,MY47012470,NULL,1118.8,NULL,26,Missing,NULL,
5239,2F2203447334C31000000223,5190,NULL,59,MY47012514,NULL,1118.8,NULL,26,Missing,NULL,
5240,2F2203447334C31000000224,5190,NULL,59,MY47012391,NULL,1118.8,NULL,26,Missing,NULL,
4914,2F2203447334C31000000228,5190,NULL,56,MY47012571,NULL,1118.8,NULL,32,Missing,NULL,
5057,2F2203447334C31000000229,5190,NULL,57,MY47012554,NULL,1118.8,NULL,32,Missing,NULL,
5018,2F2203447334C3100000022A,5160,NULL,57,SG40005487,NULL,3885.35,NULL,133,Missing,NULL,
5081,2F2203447334C3100000022B,5176,NULL,57,SG40015230,NULL,1055.7,NULL,133,Missing,NULL,
5019,2F2203447334C3100000022C,5160,NULL,57,SG40005485,NULL,3885.35,NULL,26,Missing,NULL,
5439,2F2203447334C3100000022D,5174,NULL,61,SG40017923,NULL,1900,NULL,26,Missing,NULL,
5082,2F2203447334C3100000022E,5176,NULL,57,SG40005471,NULL,1055.7,NULL,47,Missing,NULL,
4805,2F2203447334C3100000022F,5174,NULL,56,SG40017909,NULL,1900,NULL,99,Found,NULL,
5083,2F2203447334C31000000230,5176,NULL,57,SG40015239,NULL,1055.7,NULL,99,Missing,NULL,
5280,2F2203447334C31000000231,5176,NULL,59,MY40038865,NULL,1055.7,NULL,99,Missing,NULL,
5084,2F2203447334C31000000232,5176,NULL,57,SG40005408,NULL,1055.7,NULL,99,Missing,NULL,
4716,2F2203447334C31000000235,5190,NULL,54,MY47012492,NULL,1118.8,NULL,32,Missing,NULL,
4915,2F2203447334C31000000237,5190,NULL,56,MY47012618,NULL,1118.8,NULL,99,Missing,NULL,
5230,2F2203447334C3100000023D,5177,NULL,59,MY49400003,NULL,646.64,NULL,99,Missing,NULL,
5231,2F2203447334C3100000023E,5177,NULL,59,TW48120098,NULL,646.64,NULL,26,Missing,NULL,
5232,2F2203447334C3100000023F,5177,NULL,59,MY49400002,NULL,646.64,NULL,99,Missing,NULL,
5233,2F2203447334C31000000240,5177,NULL,59,MY49400004,NULL,646.64,NULL,133,Missing,NULL,
5234,2F2203447334C31000000242,5177,NULL,59,MY49400015,NULL,646.64,NULL,47,Missing,NULL,
5235,2F2203447334C31000000243,5177,NULL,59,MY49380024,NULL,646.64,NULL,26,Missing,NULL,
5236,2F2203447334C31000000244,5177,NULL,59,MY49400013,NULL,646.64,NULL,26,Missing,NULL,
5237,2F2203447334C31000000245,5177,NULL,59,MY49380020,NULL,646.64,NULL,26,Missing,NULL,
5238,2F2203447334C31000000246,5177,NULL,59,MY49400006,NULL,646.64,NULL,26,Missing,NULL,
4911,2F2203447334C31000000249,5177,NULL,56,MY49400010,NULL,646.64,NULL,26,Missing,NULL,
4653,2F2203447334C3100000024B,5177,NULL,50,SG47000012,NULL,646.64,NULL,26,Missing,NULL,
4912,2F2203447334C3100000025E,5177,NULL,56,MY49480020,NULL,646.64,NULL,26,Missing,NULL,
4913,2F2203447334C3100000025F,5177,NULL,56,MY49480007,NULL,646.64,NULL,26,Missing,NULL,
4806,2F2203447334C31000000266,5174,NULL,56,SG40017875,NULL,1900,NULL,26,Found,NULL,
4807,2F2203447334C31000000268,5174,NULL,56,SG40016695,NULL,1900,NULL,92,Found,NULL,
4808,2F2203447334C31000000269,5174,NULL,56,SG40000124,NULL,1900,NULL,47,Found,NULL,
4809,2F2203447334C3100000026B,5174,NULL,56,SG40017877,NULL,1900,NULL,47,Found,NULL,
4810,2F2203447334C3100000026D,5174,NULL,56,SG40017108,NULL,1900,NULL,47,Found,NULL,
4811,2F2203447334C3100000026F,5174,NULL,56,SG40017058,NULL,1900,NULL,32,Found,NULL,
4812,2F2203447334C31000000272,5174,NULL,56,SG40017878,NULL,1900,NULL,47,Found,NULL,
4813,2F2203447334C31000000275,5174,NULL,56,SG40016697,NULL,1900,NULL,47,Found,NULL,
4814,2F2203447334C31000000277,5174,NULL,56,SG40017112,NULL,1900,NULL,92,Found,NULL,
4815,2F2203447334C31000000279,5174,NULL,56,SG40017116,NULL,1900,NULL,44,Found,NULL,
4816,2F2203447334C3100000027B,5174,NULL,56,SG40017113,NULL,1900,NULL,47,Found,NULL,
4817,2F2203447334C3100000027D,5174,NULL,56,SG40017880,NULL,1900,NULL,44,Found,NULL,
4652,2F2203447334C31000000280,5174,NULL,50,SG40017885,NULL,1900,NULL,44,Missing,NULL,
4818,2F2203447334C31000000281,5174,NULL,56,SG40015507,NULL,1900,NULL,44,Missing,NULL,
4819,2F2203447334C31000000282,5174,NULL,56,SG40016693,NULL,1900,NULL,47,Missing,NULL,
4820,2F2203447334C31000000283,5174,NULL,56,SG40017111,NULL,1900,NULL,44,Missing,NULL,
4821,2F2203447334C31000000286,5174,NULL,56,SG40000144,NULL,1900,NULL,44,Found,NULL,
4822,2F2203447334C3100000028A,5174,NULL,56,US36002058,NULL,1900,NULL,44,Found,NULL,
4823,2F2203447334C3100000028C,5174,NULL,56,SG40017874,NULL,1900,NULL,44,Found,NULL,
4824,2F2203447334C31000000294,5174,NULL,56,SG40017876,NULL,1900,NULL,32,Found,NULL,
4825,2F2203447334C31000000296,5174,NULL,56,SG40017117,NULL,1900,NULL,32,Found,NULL,
4889,2F2203447334C31000000297,5200,NULL,56,SG44000738,NULL,850,NULL,152,Missing,NULL,
4953,2F2203447334C31000000298,5176,NULL,56,SG40005449,NULL,1055.7,NULL,44,Missing,NULL,
4954,2F2203447334C31000000299,5176,NULL,56,MY40045510,NULL,1055.7,NULL,44,Missing,NULL,
4955,2F2203447334C3100000029A,5176,NULL,56,SG40005412,NULL,1055.7,NULL,32,Missing,NULL,
4956,2F2203447334C3100000029B,5176,NULL,56,MY40045623,NULL,1055.7,NULL,32,Missing,NULL,
4957,2F2203447334C3100000029C,5176,NULL,56,SG40005427,DELINQUENT,1055.7,NULL,32,Missing,NULL,
4958,2F2203447334C3100000029D,5176,NULL,56,SG40005442,NULL,1055.7,NULL,99,Missing,NULL,
4959,2F2203447334C3100000029E,5176,NULL,56,MY40045620,NULL,1055.7,NULL,44,Missing,NULL,
4960,2F2203447334C3100000029F,5176,NULL,56,KR01128921,DELINQUENT,1055.7,NULL,133,Missing,NULL,
4961,2F2203447334C310000002A0,5176,NULL,56,MY40045491,NULL,1055.7,NULL,32,Missing,NULL,
4962,2F2203447334C310000002A1,5176,NULL,56,MY40040692,NULL,1055.7,NULL,133,Missing,NULL,
4963,2F2203447334C310000002A2,5176,NULL,56,SG40015265,NULL,1055.7,NULL,44,Missing,NULL,
5160,2F2203447334C310000002A5,5176,NULL,58,SG40040688,NULL,1055.7,NULL,26,Missing,NULL,
4964,2F2203447334C310000002A6,5176,NULL,56,SG40040495,NULL,1055.7,NULL,133,Missing,NULL,
4965,2F2203447334C310000002A7,5176,NULL,56,SG40015293,NULL,1055.7,NULL,26,Missing,NULL,
5440,2F2203447334C310000002A9,5174,NULL,61,SG40017921,NULL,1900,NULL,26,Missing,NULL,
4826,2F2203447334C310000002AA,5174,NULL,56,SG40008424,NULL,1900,NULL,26,Found,NULL,
4827,2F2203447334C310000002AB,5174,NULL,56,SG40008421,NULL,1900,NULL,26,Found,NULL,
5441,2F2203447334C310000002AC,5174,NULL,61,SG40017933,NULL,1900,NULL,26,Missing,NULL,
5085,2F2203447334C310000002AD,5176,NULL,57,SG40015235,NULL,1055.7,NULL,26,Missing,NULL,
4828,2F2203447334C310000002AE,5174,NULL,56,SG40017915,NULL,1900,NULL,99,Found,NULL,
4829,2F2203447334C310000002AF,5174,NULL,56,SG40017944,NULL,1900,NULL,92,Found,NULL,
4966,2F2203447334C310000002B0,5176,NULL,56,MY40045516,NULL,1055.7,NULL,26,Missing,NULL,
5170,2F2203447334C310000002B5,5211,NULL,59,1467,NULL,14454.25,NULL,26,Missing,NULL,
5402,2F2203447334C310000002B6,5260,NULL,61,106430,NULL,5820,NULL,26,Missing,NULL,
5285,2F2203447334C310000002B7,5224,NULL,59,DE45200229,NULL,NULL,NULL,47,Missing,NULL,
5168,2F2203447334C310000002B8,5209,NULL,59,2644A03484,NULL,7065,NULL,26,Missing,NULL,
5268,2F2203447334C310000002B9,5220,NULL,59,2822A05185,NULL,4590,NULL,26,Missing,NULL,
5169,2F2203447334C310000002BA,5210,NULL,59,2722A01429,s/n change from 2730A0071,153388.5,BEE/FB9603,44,Found,NULL,
5272,2F2203447334C310000002BB,5223,NULL,59,MY40006324,NULL,NULL,NULL,44,Missing,NULL,
5281,2F2203447334C310000002BC,5176,NULL,59,SG40040507,NULL,1055.7,NULL,44,Missing,NULL,
5210,2F2203447334C310000002BE,5189,NULL,59,SG40101605,NULL,3120,NULL,44,Missing,NULL,
5205,2F2203447334C310000002BF,5201,NULL,59,US42180148,NULL,850,NULL,44,Missing,NULL,
5282,2F2203447334C310000002C0,5176,NULL,59,MY40045555,NULL,1055.7,NULL,44,Missing,NULL,
5283,2F2203447334C310000002C1,5176,NULL,59,MY40045509,DELINQUENT,1055.7,NULL,44,Missing,NULL,
5201,2F2203447334C310000002C2,5160,NULL,59,SG40005301,NULL,3885.35,NULL,44,Missing,NULL,
4830,2F2203447334C310000002C3,5174,NULL,56,SG40008426,NULL,1900,NULL,44,Found,NULL,
5202,2F2203447334C310000002C4,5160,NULL,59,MY40018460,NULL,3885.35,NULL,47,Missing,NULL,
5020,2F2203447334C310000002C5,5160,NULL,57,SG40005486,NULL,3885.35,NULL,44,Missing,NULL,
4831,2F2203447334C310000002C6,5174,NULL,56,SG40017913,NULL,1900,NULL,47,Found,NULL,
4832,2F2203447334C310000002C7,5174,NULL,56,SG40017910,NULL,1900,NULL,44,Found,NULL,
5284,2F2203447334C310000002C8,5176,NULL,59,MY40039396,NULL,1055.7,NULL,47,Missing,NULL,
4833,2F2203447334C310000002CA,5174,NULL,56,SG40016698,NULL,1900,NULL,47,Found,NULL,
4834,2F2203447334C310000002CC,5174,NULL,56,SG40012464,NULL,1900,NULL,47,Found,NULL,
4705,2F2203447334C310000002D6,5176,NULL,53,SG40005458,NULL,1055.7,NULL,47,Missing,NULL,
4687,2F2203447334C310000002D8,5174,NULL,53,SG40017988,Barcode mismatch,1900,NULL,44,Missing,NULL,
4890,2F2203447334C310000002DA,5200,NULL,56,SG44000827,NULL,850,NULL,44,Found,NULL,
5211,2F2203447334C310000002DC,5213,NULL,59,3041J01509,NULL,13419,NULL,44,Missing,NULL,
5203,2F2203447334C310000002DD,5160,NULL,59,SG40005297,NULL,3885.35,NULL,44,Missing,NULL,
4835,2F2203447334C310000002E0,5174,NULL,56,SG40017889,DELINQUENT,1900,NULL,44,Missing,NULL,
4836,2F2203447334C310000002E2,5174,NULL,56,US36048158,NULL,1900,NULL,44,Found,NULL,
4837,2F2203447334C310000002F6,5174,NULL,56,SG40017904,NULL,1900,NULL,47,Found,NULL,
4838,2F2203447334C3100000033B,5174,NULL,56,SG40017989,NULL,1900,NULL,44,Missing,NULL,
4967,2F2203447334C3100000033C,5176,NULL,56,SG40005416,NULL,1055.7,NULL,44,Missing,NULL,
4905,2F2203447334C3100000033D,5189,NULL,56,SG40101600,NULL,3120,NULL,47,Missing,NULL,
4839,2F2203447334C3100000033E,5174,NULL,56,SG40017937,NULL,1900,NULL,44,Missing,NULL,
4968,2F2203447334C3100000033F,5176,NULL,56,SG40005460,NULL,1055.7,NULL,89,Missing,NULL,
4969,2F2203447334C31000000340,5176,NULL,56,SG40005428,NULL,1055.7,NULL,44,Missing,NULL,
4840,2F2203447334C31000000341,5174,NULL,56,SG40017114,NULL,1900,NULL,44,Missing,NULL,
4841,2F2203447334C31000000342,5174,NULL,56,SG40017940,NULL,1900,NULL,44,Missing,NULL,
4842,2F2203447334C31000000344,5174,NULL,56,SG40017919,NULL,1900,NULL,47,Missing,NULL,
4970,2F2203447334C31000000345,5176,NULL,56,SG40005452,NULL,1055.7,NULL,44,Missing,NULL,
4906,2F2203447334C31000000346,5189,NULL,56,MY40104660,NULL,3120,NULL,44,Missing,NULL,
4971,2F2203447334C31000000347,5176,NULL,56,SG40005424,NULL,1055.7,NULL,47,Missing,NULL,
4843,2F2203447334C31000000348,5174,NULL,56,SG40017115,NULL,1900,NULL,92,Missing,NULL,
4972,2F2203447334C31000000349,5176,NULL,56,SG40005420,NULL,1055.7,NULL,47,Missing,NULL,
4844,2F2203447334C3100000034A,5174,NULL,56,SG40017931,NULL,1900,NULL,44,Missing,NULL,
4845,2F2203447334C3100000034B,5174,NULL,56,SG40017942,NULL,1900,NULL,44,Missing,NULL,
4973,2F2203447334C3100000034C,5176,NULL,56,SG40005441,NULL,1055.7,NULL,44,Missing,NULL,
4846,2F2203447334C3100000034D,5174,NULL,56,SG40017982,NULL,1900,NULL,47,Missing,NULL,
4650,2F2203447334C3100000034E,5176,NULL,49,SG40005436,NULL,1055.7,NULL,44,Missing,NULL,
4974,2F2203447334C31000000350,5176,NULL,56,SG40005443,NULL,1055.7,NULL,61,Missing,NULL,
4847,2F2203447334C31000000351,5174,NULL,56,SG40017926,NULL,1900,NULL,44,Missing,NULL,
4975,2F2203447334C31000000352,5176,NULL,56,SG40005464,NULL,1055.7,NULL,32,Missing,NULL,
4848,2F2203447334C31000000353,5174,NULL,56,SG40017950,NULL,1900,NULL,47,Missing,NULL,
4976,2F2203447334C31000000354,5176,NULL,56,SG40005014,NULL,1055.7,NULL,44,Missing,NULL,
4849,2F2203447334C31000000355,5174,NULL,56,SG40016702,NULL,1900,NULL,152,Missing,NULL,
4977,2F2203447334C31000000356,5176,NULL,56,SG40005448,NULL,1055.7,NULL,44,Missing,NULL,
4850,2F2203447334C31000000357,5174,NULL,56,SG40017918,NULL,1900,NULL,152,Missing,NULL,
4978,2F2203447334C31000000358,5176,NULL,56,SG40005437,NULL,1055.7,NULL,152,Missing,NULL,
4851,2F2203447334C31000000359,5174,NULL,56,SG40017929,NULL,1900,NULL,152,Missing,NULL,
4979,2F2203447334C3100000035A,5176,NULL,56,SG40005432,NULL,1055.7,NULL,44,Missing,NULL,
4852,2F2203447334C3100000035B,5174,NULL,56,SG40017983,NULL,1900,NULL,44,Missing,NULL,
4646,2F2203447334C3100000035C,5174,NULL,49,SG40017962,NULL,1900,NULL,152,Missing,NULL,
4853,2F2203447334C3100000035D,5174,NULL,56,SG40017939,NULL,1900,NULL,152,Missing,NULL,
4980,2F2203447334C3100000035E,5176,NULL,56,SG40005411,NULL,1055.7,NULL,152,Missing,NULL,
4981,2F2203447334C3100000035F,5176,NULL,56,SG40005405,NULL,1055.7,NULL,152,Missing,NULL,
4898,2F2203447334C31000000360,5160,NULL,56,SG40005304,NULL,3885.35,NULL,152,Missing,NULL,
4982,2F2203447334C31000000361,5176,NULL,56,SG40005461,NULL,1055.7,NULL,44,Missing,NULL,
4983,2F2203447334C31000000362,5176,NULL,56,SG40015259,NULL,1055.7,NULL,133,Missing,NULL,
4854,2F2203447334C31000000363,5174,NULL,56,SG40017936,NULL,1900,NULL,32,Missing,NULL,
4984,2F2203447334C31000000364,5176,NULL,56,SG40005451,NULL,1055.7,NULL,44,Missing,NULL,
4985,2F2203447334C31000000365,5176,NULL,56,SG40005006,NULL,1055.7,NULL,32,Missing,NULL,
4986,2F2203447334C31000000366,5176,NULL,56,SG40005466,NULL,1055.7,NULL,32,Missing,NULL,
4855,2F2203447334C31000000367,5174,NULL,56,SG40017949,NULL,1900,NULL,44,Missing,NULL,
4856,2F2203447334C3100000036B,5174,NULL,56,SG40017916,NULL,1900,NULL,32,Found,NULL,
4857,2F2203447334C3100000036C,5174,NULL,56,SG40017883,NULL,1900,NULL,32,Found,NULL,
4987,2F2203447334C3100000036D,5176,NULL,56,SG40005413,NULL,1055.7,NULL,32,Found,NULL,
4858,2F2203447334C3100000036E,5174,NULL,56,SG40017893,NULL,1900,NULL,32,Found,NULL,
4651,2F2203447334C3100000036F,5176,NULL,49,SG40005459,NULL,1055.7,NULL,32,Found,NULL,
4859,2F2203447334C31000000370,5174,NULL,56,SG40017967,NULL,1900,NULL,32,Found,NULL,
4988,2F2203447334C31000000371,5176,NULL,56,SG40005462,NULL,1055.7,NULL,32,Found,NULL,
4989,2F2203447334C31000000372,5176,NULL,56,SG40005468,NULL,1055.7,NULL,32,Found,NULL,
4860,2F2203447334C31000000373,5174,NULL,56,SG40019127,NULL,1900,NULL,44,Found,NULL,
4990,2F2203447334C31000000375,5176,NULL,56,SG40005414,NULL,1055.7,NULL,32,Found,NULL,
4861,2F2203447334C31000000376,5174,NULL,56,SG40017987,NULL,1900,NULL,32,Found,NULL,
4862,2F2203447334C31000000377,5174,NULL,56,SG40016699,NULL,1900,NULL,32,Found,NULL,
4991,2F2203447334C31000000378,5176,NULL,56,SG40005425,NULL,1055.7,NULL,44,Found,NULL,
4992,2F2203447334C31000000379,5176,NULL,56,SG40005421,NULL,1055.7,NULL,32,Found,NULL,
4863,2F2203447334C3100000037A,5174,NULL,56,SG40017976,NULL,1900,NULL,32,Found,NULL,
4993,2F2203447334C3100000037B,5176,NULL,56,SG40005455,NULL,1055.7,NULL,44,Found,NULL,
4864,2F2203447334C3100000037C,5174,NULL,56,SG40008429,NULL,1900,NULL,32,Found,NULL,
4865,2F2203447334C3100000037D,5174,NULL,56,SG40008434,NULL,1900,NULL,32,Found,NULL,
4866,2F2203447334C3100000037E,5174,NULL,56,SG40017927,NULL,1900,NULL,32,Found,NULL,
4994,2F2203447334C3100000037F,5176,NULL,56,SG40005457,NULL,1055.7,NULL,32,Found,NULL,
4867,2F2203447334C31000000380,5174,NULL,56,SG40017968,NULL,1900,NULL,32,Found,NULL,
4995,2F2203447334C31000000381,5176,NULL,56,SG40005417,NULL,1055.7,NULL,32,Found,NULL,
4996,2F2203447334C31000000382,5176,NULL,56,SG40005415,NULL,1055.7,NULL,32,Found,NULL,
4997,2F2203447334C31000000383,5176,NULL,56,SG40005456,NULL,1055.7,NULL,32,Found,NULL,
4868,2F2203447334C31000000385,5174,NULL,56,SG40017965,AWAITING SHOP CAL,1900,NULL,32,Missing,NULL,
5449,2F2203447334C31000000386,5160,NULL,61,SG40005300,NULL,3885.35,NULL,32,Missing,NULL,
4869,2F2203447334C31000000388,5174,NULL,56,SG40017895,NULL,1900,NULL,32,Missing,NULL,
4870,2F2203447334C31000000389,5174,NULL,56,SG40017896,NULL,1900,NULL,32,Found,NULL,
4647,2F2203447334C3100000038A,5174,NULL,49,SG40011552,NULL,1900,NULL,32,Missing,NULL,
4871,2F2203447334C3100000038B,5174,NULL,56,SG40017898,NULL,1900,NULL,32,Found,NULL,
4998,2F2203447334C3100000038F,5176,NULL,56,SG40015273,NULL,1055.7,NULL,44,Missing,NULL,
4872,2F2203447334C31000000390,5174,NULL,56,SG40017888,NULL,1900,NULL,26,Found,NULL,
4873,2F2203447334C31000000392,5174,NULL,56,SG40017894,NULL,1900,NULL,47,Found,NULL,
4874,2F2203447334C31000000399,5174,NULL,56,US36046980,NULL,1900,NULL,47,Found,NULL,
4875,2F2203447334C3100000039B,5174,NULL,56,SG40017886,NULL,1900,NULL,26,Found,NULL,
4876,2F2203447334C3100000039D,5174,NULL,56,SG40019001,NULL,1900,NULL,133,Found,NULL,
4877,2F2203447334C3100000039F,5174,NULL,56,SG40017891,NULL,1900,NULL,133,Found,NULL,
4878,2F2203447334C310000003A1,5174,NULL,56,SG40017897,NULL,1900,NULL,133,Found,NULL,
5161,2F2203447334C310000003B4,5176,NULL,58,SG40015309,NULL,1055.7,NULL,133,Missing,NULL,
4879,2F2203447334C310000003B5,5174,NULL,56,SG40008419,NULL,1900,NULL,44,Found,NULL,
5162,2F2203447334C310000003B6,5176,NULL,58,SG40015300,NULL,1055.7,NULL,44,Missing,NULL,
5163,2F2203447334C310000003B7,5176,NULL,58,SG40015312,NULL,1055.7,NULL,133,Missing,NULL,
5164,2F2203447334C310000003B8,5176,NULL,58,SG40015302,NULL,1055.7,NULL,92,Missing,NULL,
4880,2F2203447334C310000003B9,5174,NULL,56,SG40017881,NULL,1900,NULL,133,Found,NULL,
4881,2F2203447334C310000003BA,5174,NULL,56,SG40008423,NULL,1900,NULL,47,Found,NULL,
5165,2F2203447334C310000003BB,5176,NULL,58,SG40015310,NULL,1055.7,NULL,44,Missing,NULL,
5114,2F2203447334C310000003BC,5160,NULL,58,SG40005490,NULL,3885.35,NULL,44,Missing,NULL,
5123,2F2203447334C310000003BD,5189,NULL,58,SG40101596,NULL,3120,NULL,152,Missing,NULL,
5166,2F2203447334C310000003BE,5176,NULL,58,SG40015304,NULL,1055.7,NULL,47,Missing,NULL,
5167,2F2203447334C310000003BF,5176,NULL,58,SG40015311,NULL,1055.7,NULL,133,Found,NULL,
4882,2F2203447334C310000003C0,5174,NULL,56,SG40008428,NULL,1900,NULL,133,Found,NULL,
5327,2F2203447334C310000003C1,5189,NULL,60,SG40101604,NULL,3120,BEN/FA600F,133,Missing,NULL,
5397,2F2203447334C310000003C6,5259,NULL,61,40-2277,NULL,4995,NULL,44,Missing,NULL,
5442,2F2203447334C310000003C7,5174,NULL,61,SG40008431,NULL,1900,NULL,50,Missing,NULL,
5460,2F2203447334C310000003C8,5265,NULL,61,58538,NULL,58518,NULL,152,Missing,NULL,
5398,2F2203447334C310000003C9,5259,NULL,61,40-2324,NULL,4995,NULL,47,Missing,NULL,
5443,2F2203447334C310000003CA,5174,NULL,61,SG40008420,NULL,1900,NULL,120,Missing,NULL,
5461,2F2203447334C310000003CD,5265,NULL,61,58549,NULL,58518,BEL/47072N,47,Missing,NULL,
5444,2F2203447334C310000003CE,5174,NULL,61,SG40017971,NULL,1900,NULL,44,Missing,NULL,
5462,2F2203447334C310000003CF,5265,NULL,61,58548,NULL,58518,BEL/47072N,44,Missing,NULL,
5445,2F2203447334C310000003D0,5174,NULL,61,SG40008425,NULL,1900,NULL,44,Missing,NULL,
5399,2F2203447334C310000003D2,5259,NULL,61,40-1000,NULL,4995,NULL,44,Missing,NULL,
5463,2F2203447334C310000003D3,5265,NULL,61,58547,NULL,58518,BEL/47072N,44,Missing,NULL,
5446,2F2203447334C310000003D5,5174,NULL,61,SG40017908,NULL,1900,NULL,44,Missing,NULL,
5400,2F2203447334C310000003D6,5259,NULL,61,40-2276,NULL,4995,NULL,44,Missing,NULL,
5464,2F2203447334C310000003D7,5265,NULL,61,58546,NULL,58518,BEL/47072N,44,Missing,NULL,
5401,2F2203447334C310000003D9,5259,NULL,61,40-2284,NULL,4995,NULL,50,Missing,NULL,
5447,2F2203447334C310000003DA,5174,NULL,61,SG40008422,NULL,1900,NULL,44,Missing,NULL,
5465,2F2203447334C310000003DB,5265,NULL,61,58545,NULL,58519,BEL/47072N,44,Missing,NULL,
5466,2F2203447334C310000003DC,5265,NULL,61,99841,NULL,106234.8,BEL/47072N,44,Missing,NULL,
5450,2F2203447334C310000003DD,5160,NULL,61,SG40005309,NULL,3885.35,NULL,44,Missing,NULL,
5467,2F2203447334C310000003DF,5265,NULL,61,100343,NULL,106234.8,NULL,50,Missing,NULL,
5456,2F2203447334C310000003E0,5189,NULL,61,MY40104670,NULL,3120,NULL,44,Missing,NULL,
5468,2F2203447334C310000003E1,5265,NULL,61,100334,NULL,106234.8,NULL,44,Missing,NULL,
5448,2F2203447334C310000003E2,5174,NULL,61,SG40017899,NULL,1900,NULL,44,Missing,NULL,
5469,2F2203447334C310000003E4,5265,NULL,61,100335,NULL,106234.8,NULL,44,Missing,NULL,
5451,2F2203447334C310000003E7,5160,NULL,61,SG40005492,NULL,3885.35,NULL,44,Missing,NULL,
5438,2F2203447334C310000003E8,5262,NULL,61,Multiple,NULL,17281,NULL,44,Missing,NULL,
5452,2F2203447334C310000003E9,5263,NULL,61,267168,NULL,2940,NULL,44,Missing,NULL,
5437,2F2203447334C310000003ED,5192,NULL,61,Z4464,NULL,3000,NULL,44,Found,NULL,
5206,2F2203447334C310000003EE,5201,NULL,59,US42180143,NULL,850,NULL,44,Missing,NULL,
4900,2F2203447334C310000003EF,5201,NULL,56,US42180151,NULL,850,NULL,44,Missing,NULL,
4901,2F2203447334C310000003F0,5201,NULL,56,US42180104,NULL,850,NULL,44,Found,NULL,
5207,2F2203447334C310000003F1,5201,NULL,59,US42180158,NULL,850,NULL,44,Missing,NULL,
5380,2F2203447334C310000003F2,5176,NULL,60,SG40005423,NULL,1055.7,NULL,44,Missing,NULL,
5367,2F2203447334C310000003F3,5250,NULL,60,1076,NULL,765,NULL,44,Missing,NULL,
5389,2F2203447334C310000003F4,5253,NULL,60,MY40038866,NULL,1055.7,NULL,44,Missing,NULL,
5391,2F2203447334C31000000F3E,5254,NULL,60,DE35104174,NULL,11022.85,NULL,44,Missing,NULL,
5352,2F2203447334C31000000F4B,5175,NULL,60,SG40007117,NULL,5600,NULL,44,Missing,NULL,
5353,2F2203447334C31000000F4C,5175,NULL,60,SG40007124,NULL,5600,NULL,28,Missing,NULL,
5330,2F2203447334C31000000F4D,5242,NULL,60,148,NULL,NULL,BEN/FA6033,48,Missing,NULL,
4945,2F2203447334C31000000F5A,5179,NULL,56,SG44001008,NULL,10891.05,NULL,44,Missing,NULL,
4682,2F2203447334C31000000F66,5173,NULL,53,1467131,NULL,2496.75,NULL,44,Found,NULL,
4767,2F2203447334C31000000F67,5175,NULL,55,SG40007091,NULL,5600,NULL,44,NULL,NULL,
4720,2F2203447334C31000000F69,5192,NULL,54,ABB2419,NULL,3487.97,BEN/FG2558,32,Found,NULL,
4724,2F2203447334C31000000F6A,5179,NULL,54,SG44001009,NULL,10891.05,NULL,44,Missing,NULL,
4722,2F2203447334C31000000F6B,5175,NULL,54,SG40007095,NULL,5600,NULL,44,Missing,NULL,
4714,2F2203447334C31000000F6C,5189,NULL,54,SG40101607,NULL,3120,BEN/SC2000,44,Missing,NULL,
5254,2F2203447334C31000000F6D,5219,NULL,59,ABB2421,NULL,3487.97,NULL,44,Found,NULL,
4721,2F2203447334C31000000F6E,5192,NULL,54,ABB2420,NULL,3487.97,NULL,44,Found,NULL,
4530,2F2203447334C31000001008,5166,NULL,48,H43WVK1,Spare Desktops,955,NULL,44,Found,NULL,
4792,2F2203447334C3100000101A,5173,NULL,56,146710A,NULL,2496.75,NULL,44,Missing,NULL,
4793,2F2203447334C3100000101B,5173,NULL,56,1467123,NULL,2496.75,NULL,44,Missing,NULL,
4683,2F2203447334C31000001022,5173,NULL,53,146713B,NULL,2496.75,NULL,44,Found,NULL,
4684,2F2203447334C31000001023,5173,NULL,53,146710E,NULL,2496.75,NULL,44,Found,NULL,
5216,2F2203447334C3100000106B,5206,NULL,59,MX0Y322G7426296Q1R7S,NULL,189,BEE/FG2547,26,Missing,NULL,
5217,2F2203447334C3100000106C,5206,NULL,59,MX0Y322G7426296P1HES,NULL,189,NULL,26,Missing,NULL,
5218,2F2203447334C3100000106D,5206,NULL,59,MX0Y322G7426296P1EYS,NULL,189,NULL,47,Missing,NULL,
5219,2F2203447334C3100000106E,5206,NULL,59,MX0Y322G7426296P1EUS,NULL,189,NULL,26,Missing,NULL,
5220,2F2203447334C3100000106F,5206,NULL,59,MX0Y322G7426296Q1LKS,NULL,189,NULL,26,Missing,NULL,
5221,2F2203447334C31000001070,5206,NULL,59,MX0Y322G7426296Q1LGS,NULL,189,NULL,47,Missing,NULL,
5222,2F2203447334C31000001071,5206,NULL,59,MX0Y322G7426296Q1PRS,NULL,189,NULL,26,Missing,NULL,
5223,2F2203447334C31000001072,5206,NULL,59,MX0Y322G7426296Q1LHS,NULL,189,NULL,47,Missing,NULL,
5224,2F2203447334C31000001073,5206,NULL,59,CN0W160G7287298H0CUI,NULL,189,NULL,47,Missing,NULL,
5225,2F2203447334C31000001074,5206,NULL,59,MX0Y322G7426296Q1L8S,NULL,189,NULL,47,Missing,NULL,
5226,2F2203447334C31000001075,5206,NULL,59,MX0Y322G7426296P1ETS,NULL,189,NULL,26,Missing,NULL,
5227,2F2203447334C31000001076,5206,NULL,59,MX0Y322G7426296Q1R0S,NULL,189,NULL,47,Missing,NULL,
5228,2F2203447334C31000001077,5206,NULL,59,MX0Y322G7426296P1RAS,NULL,189,NULL,26,Missing,NULL,
5229,2F2203447334C31000001078,5206,NULL,59,CN0T61167161858RAA1Q,NULL,189,NULL,47,Missing,NULL,
5180,2F2203447334C31000001079,5166,NULL,59,DJMXZK1,NULL,955,NULL,26,Missing,USMAWKDD113400,
5181,2F2203447334C3100000107A,5166,NULL,59,3P1WVK1,NULL,955,NULL,47,Missing,USMAWKDD113412,
5182,2F2203447334C3100000107B,5166,NULL,59,HN1WVK1,NULL,955,NULL,47,Missing,USMAWKDD113411,
5183,2F2203447334C3100000107C,5166,NULL,59,GN1WVK1,NULL,955,NULL,26,Missing,USMAWKDD113410,
5184,2F2203447334C3100000107D,5166,NULL,59,CKMXZK1,NULL,955,NULL,26,Missing,USMAWKDD113409,
5185,2F2203447334C3100000107E,5166,NULL,59,DN1WVK1,NULL,955,NULL,26,Missing,USMAWKDD113408,
5186,2F2203447334C3100000107F,5166,NULL,59,CXSXZK1,NULL,955,NULL,44,Missing,USMAWKDD113407,
5187,2F2203447334C31000001080,5166,NULL,59,DR1WVK1,NULL,955,NULL,26,Missing,USMAWKDD113401,
5188,2F2203447334C31000001081,5166,NULL,59,5N1WVK1,NULL,955,NULL,99,Missing,USMAWKDD113402,
5189,2F2203447334C31000001082,5166,NULL,59,9N1WVK1,NULL,955,NULL,26,Missing,USMAWKDD113406,
5190,2F2203447334C31000001083,5166,NULL,59,CR1WVK1,NULL,955,NULL,47,Missing,USMAWKDD113405,
5191,2F2203447334C31000001084,5166,NULL,59,F43WVK1,NULL,955,NULL,152,Missing,USMAWKDD113404,
5192,2F2203447334C31000001085,5166,NULL,59,2R1WVK1,NULL,955,NULL,47,Found,USMAWKDD113403,
5403,2F2203447334C31000001090,5166,NULL,61,JN1WVK1,NULL,955,BEL/FA105L,26,Missing,USMAWKDD114000,
5404,2F2203447334C31000001091,5166,NULL,61,6R1WVK1,NULL,955,NULL,44,Missing,USMAWKDD114007,
5470,2F2203447334C31000001092,5206,NULL,61,MX0Y322G7426296P10NS,NULL,129,NULL,44,Missing,NULL,
5471,2F2203447334C31000001093,5206,NULL,61,MX0Y322G7426296P10PS,NULL,129,NULL,44,Missing,NULL,
5405,2F2203447334C31000001094,5166,NULL,61,F52WVK1,NULL,955,NULL,44,Missing,NULL,
5472,2F2203447334C31000001095,5206,NULL,61,CN0G438H6418086K5QAHA00,NULL,129,NULL,44,Missing,NULL,
5473,2F2203447334C31000001096,5206,NULL,61,MX0Y322G7426296P10YS,NULL,129,NULL,44,Missing,NULL,
5406,2F2203447334C31000001097,5166,NULL,61,BN1WVK1,NULL,955,NULL,44,Missing,USMAWKDD114006,
5407,2F2203447334C31000001098,5166,NULL,61,HYL9ZK1,NULL,955,NULL,44,Found,USMAWKDD114005,
5474,2F2203447334C31000001099,5206,NULL,61,MX0Y322G7426296O1N8S,NULL,129,NULL,44,Found,NULL,
5290,2F2203447334C310000010AB,5166,NULL,60,5KMXZK1,NULL,955,BEE/FG2504,44,Missing,USMAWKDD113804,
5331,2F2203447334C310000010AC,5206,NULL,60,MX0Y322G7426296Q1PWS,NULL,189,NULL,44,Missing,NULL,
5291,2F2203447334C310000010AD,5166,NULL,60,8XSXZK1,NULL,955,NULL,92,Missing,USMAWKDD113803,
5214,2F2203447334C310000010C0,5216,NULL,59,272,ESG area to be turned in ,13701,BEE/FG2547,44,Missing,NULL,
5215,2F2203447334C310000010C3,5216,NULL,59,261,ESG area to be turned in ,13701,BEE/FG2547,26,Missing,NULL,
5032,2F2203447334C310000010CD,5205,NULL,57,SG40000561,NULL,2400,NULL,44,Missing,NULL,
5033,2F2203447334C310000010CE,5205,NULL,57,SG40000770,NULL,2400,NULL,48,Missing,NULL,
5068,2F2203447334C310000010CF,5175,NULL,57,SG40006243,NULL,5600,NULL,44,Missing,NULL,
5067,2F2203447334C310000010D0,5207,NULL,57,SG40000303,Serial mismatch,NULL,NULL,44,Missing,NULL,
5034,2F2203447334C310000010D1,5205,NULL,57,SG40000768,NULL,2400,NULL,44,Found,NULL,
5171,2F2203447334C310000010D4,5182,NULL,59,5933U042006,NULL,4855.82,BEE/FG2505,44,Missing,NULL,
5255,2F2203447334C310000010D5,5204,NULL,59,MY45007239,NULL,5757.9,NULL,44,Missing,NULL,
5172,2F2203447334C310000010D6,5182,NULL,59,5933U042007,NULL,4855.82,NULL,44,Missing,NULL,
5266,2F2203447334C310000010D7,5193,NULL,59,MY44004691,NULL,11800,NULL,44,Missing,NULL,
5256,2F2203447334C310000010D8,5204,NULL,59,MY45007241,NULL,5757.9,NULL,44,Missing,NULL,
5173,2F2203447334C310000010D9,5182,NULL,59,5933U042047,NULL,4855.82,NULL,44,Missing,NULL,
5257,2F2203447334C310000010DA,5204,NULL,59,MY45007235,NULL,5757.9,NULL,44,Missing,NULL,
5174,2F2203447334C310000010DB,5182,NULL,59,5933U042011,NULL,4855.82,NULL,44,Missing,NULL,
5264,2F2203447334C310000010DC,5179,NULL,59,SG44001006,NULL,10891.05,NULL,44,Missing,NULL,
5175,2F2203447334C310000010DD,5182,NULL,59,5933U042045,NULL,4855.82,NULL,44,Missing,NULL,
5258,2F2203447334C310000010DE,5204,NULL,59,MY45007242,NULL,5757.9,NULL,44,Missing,NULL,
5176,2F2203447334C310000010DF,5182,NULL,59,5933U042001,NULL,4855.82,NULL,44,Missing,NULL,
5259,2F2203447334C310000010E0,5204,NULL,59,MY45007240,NULL,5757.9,NULL,44,Missing,NULL,
5177,2F2203447334C310000010E1,5182,NULL,59,5933U042534,NULL,4855.82,NULL,44,Missing,NULL,
5260,2F2203447334C310000010E2,5204,NULL,59,MY45007237,NULL,5757.9,NULL,44,Missing,NULL,
5178,2F2203447334C310000010E3,5182,NULL,59,5933U042533,NULL,4855.82,NULL,44,Missing,NULL,
5179,2F2203447334C310000010E4,5182,NULL,59,5933U042538,NULL,4855.82,NULL,44,Missing,NULL,
5261,2F2203447334C310000010E5,5204,NULL,59,MY45007238,NULL,5757.9,NULL,44,Missing,NULL,
5262,2F2203447334C310000010E6,5204,NULL,59,MY45007236,NULL,5757.9,NULL,44,Missing,NULL,
5263,2F2203447334C310000010E8,5204,NULL,59,MY45007243,NULL,5757.9,NULL,44,Missing,NULL,
4664,2F2203447334C310000010E9,5181,NULL,51,2730A05318,2/9/11 ESG area to be tur,2790,NULL,44,Missing,NULL,
5286,2F2203447334C310000010EE,5225,NULL,59,3406,NULL,32150,NULL,44,Missing,NULL,
4940,2F2203447334C310000010F1,5203,NULL,56,MY45007244,NULL,5757.9,NULL,44,Missing,NULL,
4941,2F2203447334C310000010F2,5203,NULL,56,MY45004010,NULL,5757.9,NULL,44,Missing,NULL,
4946,2F2203447334C310000010F3,5179,NULL,56,SG44001007,NULL,10891.05,NULL,47,Missing,NULL,
4942,2F2203447334C310000010F5,5203,NULL,56,MY45004012,NULL,5757.9,NULL,44,Missing,NULL,
4943,2F2203447334C310000010F7,5203,NULL,56,MY45004009,NULL,5757.9,NULL,47,Missing,NULL,
4916,2F2203447334C310000010F8,5175,NULL,56,SG40007099,NULL,5600,NULL,44,Missing,NULL,
4917,2F2203447334C310000010F9,5175,NULL,56,SG40007088,NULL,5600,NULL,44,Missing,NULL,
4918,2F2203447334C310000010FA,5175,NULL,56,MY40008636,NULL,5600,NULL,44,Missing,NULL,
4919,2F2203447334C310000010FB,5175,NULL,56,MY40004893,NULL,5600,NULL,44,Missing,NULL,
4920,2F2203447334C310000010FC,5175,NULL,56,SG40007107,NULL,5600,NULL,44,Missing,NULL,
4921,2F2203447334C310000010FD,5175,NULL,56,MY40003065,NULL,5600,NULL,47,Missing,NULL,
4922,2F2203447334C310000010FE,5175,NULL,56,MY40008572,NULL,5600,NULL,92,Missing,NULL,
4662,2F2203447334C31000001103,5179,NULL,50,SG44001304,NULL,10891.05,NULL,111,Missing,NULL,
4704,2F2203447334C31000001125,5175,NULL,53,MY40008679,Barcode mismatch,5600,NULL,47,Missing,NULL,
5267,2F2203447334C31000001127,5193,NULL,59,MY44004694,NULL,11800,NULL,120,Missing,NULL,
4944,2F2203447334C3100000112B,5204,NULL,56,SG45002202,NULL,5757.9,NULL,25,Missing,NULL,
4923,2F2203447334C3100000112D,5175,NULL,56,SG40007103,NULL,5600,NULL,120,Missing,NULL,
4947,2F2203447334C3100000112F,5179,NULL,56,SG44001307,NULL,10891.05,NULL,47,Missing,NULL,
4999,2F2203447334C31000001154,5176,NULL,56,SG40040470,NULL,1055.7,NULL,47,Missing,NULL,
4924,2F2203447334C3100000115A,5175,NULL,56,SG40007084,NULL,5600,NULL,47,Missing,NULL,
4925,2F2203447334C3100000115B,5175,NULL,56,MY40008639,NULL,5600,NULL,120,Missing,NULL,
4926,2F2203447334C3100000116C,5175,NULL,56,MY40008680,NULL,5600,NULL,47,Missing,NULL,
4927,2F2203447334C3100000116D,5175,NULL,56,SG40007096,NULL,5600,NULL,47,Missing,NULL,
4928,2F2203447334C3100000116E,5175,NULL,56,MY40008373,NULL,5600,NULL,47,Missing,NULL,
4929,2F2203447334C31000001170,5175,NULL,56,MY40007932,NULL,5600,NULL,44,Missing,NULL,
4930,2F2203447334C31000001172,5175,NULL,56,MY40007931,NULL,5600,NULL,47,Missing,NULL,
4931,2F2203447334C31000001176,5175,NULL,56,SG40006241,NULL,5600,NULL,61,Missing,NULL,
4648,2F2203447334C31000001177,5175,NULL,49,SG40006240,NULL,5600,NULL,44,Missing,NULL,
4932,2F2203447334C31000001179,5175,NULL,56,SG40007097,NULL,5600,NULL,47,Missing,NULL,
4933,2F2203447334C3100000117A,5175,NULL,56,SG40007098,NULL,5600,NULL,47,Missing,NULL,
4934,2F2203447334C3100000117F,5175,NULL,56,SG40007090,NULL,5600,NULL,44,Found,NULL,
4935,2F2203447334C31000001180,5175,NULL,56,SG40007094,NULL,5600,NULL,47,Found,NULL,
4907,2F2203447334C31000001182,5189,NULL,56,SG40101597,NULL,3120,NULL,152,Found,NULL,
4910,2F2203447334C31000001183,5202,NULL,56,6028046M,DELINQUENT,318.56,NULL,47,Missing,NULL,
4908,2F2203447334C31000001186,5189,NULL,56,SG40101606,NULL,3120,NULL,47,Found,NULL,
4649,2F2203447334C31000001193,5175,NULL,49,MY40006015,NULL,5600,NULL,152,Found,NULL,
4936,2F2203447334C31000001194,5175,NULL,56,SG40007076,NULL,5600,NULL,47,Found,NULL,
4937,2F2203447334C31000001196,5175,NULL,56,MY40008688,NULL,5600,NULL,44,Found,NULL,
4938,2F2203447334C31000001197,5175,NULL,56,MY40008672,NULL,5600,NULL,47,Found,NULL,
4939,2F2203447334C31000001198,5175,NULL,56,MY40008674,NULL,5600,NULL,47,Found,NULL,
4909,2F2203447334C3100000119A,5189,NULL,56,SG40101602,NULL,3120,NULL,44,Missing,NULL,
4948,2F2203447334C310000011A5,5193,NULL,56,MY44004697,NULL,11800,NULL,47,Missing,NULL,
4794,2F2203447334C310000011A7,5173,NULL,56,14670FD,NULL,2496.75,NULL,32,Missing,NULL,
4795,2F2203447334C310000011A8,5173,NULL,56,1467112,NULL,2496.75,NULL,44,Missing,NULL,
4685,2F2203447334C310000011A9,5173,NULL,53,14670EF,NULL,2496.75,NULL,32,Missing,NULL,
4686,2F2203447334C310000011AA,5173,NULL,53,1467100,NULL,2496.75,NULL,32,Missing,NULL,
4796,2F2203447334C310000011AB,5173,NULL,56,1467OE5,NULL,2496.75,NULL,44,Missing,NULL,
4797,2F2203447334C310000011AC,5173,NULL,56,14670FF,NULL,2496.75,NULL,32,Missing,NULL,
4798,2F2203447334C310000011AD,5173,NULL,56,1467121,NULL,2496.75,NULL,152,Missing,NULL,
4799,2F2203447334C310000011AE,5173,NULL,56,1467134,NULL,2496.75,NULL,32,Missing,NULL,
4800,2F2203447334C310000011AF,5173,NULL,56,14670F4,NULL,2496.75,NULL,44,Missing,NULL,
4645,2F2203447334C310000011B0,5173,NULL,49,14670F0,NULL,2496.75,NULL,32,Missing,NULL,
4801,2F2203447334C310000011B1,5173,NULL,56,14670ED,NULL,2496.75,NULL,32,Missing,NULL,
5088,2F2203447334C310000011FC,5182,NULL,58,5933U041018,NULL,4855.82,NULL,32,Missing,NULL,
5153,2F2203447334C310000011FD,5175,NULL,58,SG40007108,NULL,5600,NULL,44,Missing,NULL,
5089,2F2203447334C310000011FE,5182,NULL,58,5933U040699,NULL,4855.82,NULL,44,Missing,NULL,
5154,2F2203447334C310000011FF,5175,NULL,58,SG40007109,NULL,5600,NULL,32,Missing,NULL,
5155,2F2203447334C31000001200,5175,NULL,58,SG40006111,NULL,5600,NULL,44,Missing,NULL,
5090,2F2203447334C31000001201,5182,NULL,58,5933U041014,NULL,4855.82,NULL,32,Missing,NULL,
5091,2F2203447334C31000001202,5182,NULL,58,5933U040670,NULL,4855.82,NULL,32,Missing,NULL,
5156,2F2203447334C31000001203,5175,NULL,58,SG40007111,NULL,5600,NULL,32,Missing,NULL,
5092,2F2203447334C31000001204,5182,NULL,58,5933U042044,NULL,4855.82,NULL,32,Missing,NULL,
5093,2F2203447334C31000001205,5182,NULL,58,5933U042010,NULL,4855.82,NULL,44,Missing,NULL,
5094,2F2203447334C31000001206,5182,NULL,58,5933U042002,NULL,4855.82,NULL,32,Missing,NULL,
5095,2F2203447334C31000001207,5182,NULL,58,5933U042003,NULL,4855.82,NULL,32,Missing,NULL,
5159,2F2203447334C31000001208,5179,NULL,58,SG44001303,NULL,10891.05,NULL,32,Missing,NULL,
5096,2F2203447334C3100000120B,5182,NULL,58,5933U041017,NULL,4855.82,NULL,32,Missing,NULL,
5157,2F2203447334C3100000120C,5175,NULL,58,SG40007127,NULL,5600,NULL,32,Missing,NULL,
5097,2F2203447334C3100000120D,5182,NULL,58,5933U041015,NULL,4855.82,NULL,32,Missing,NULL,
5098,2F2203447334C3100000120E,5182,NULL,58,5933U041016,NULL,4855.82,NULL,32,Missing,NULL,
5158,2F2203447334C3100000120F,5175,NULL,58,SG40007116,NULL,5600,NULL,32,Missing,NULL,
5099,2F2203447334C31000001210,5182,NULL,58,5933U041019,NULL,4855.82,NULL,32,Found,NULL,
5408,2F2203447334C31000001221,5261,NULL,61,9625312,NULL,NULL,NULL,32,Missing,NULL,
5458,2F2203447334C31000001224,5202,NULL,61,6026112M,NULL,318.56,NULL,32,Missing,NULL,
5409,2F2203447334C31000001225,5261,NULL,61,9625314,NULL,NULL,NULL,32,Missing,NULL,
5410,2F2203447334C31000001229,5261,NULL,61,9625305,NULL,NULL,NULL,32,Missing,NULL,
5457,2F2203447334C3100000122B,5264,NULL,61,3430207M,NULL,805.5,NULL,32,Missing,NULL,
5411,2F2203447334C3100000122E,5261,NULL,61,9723901,NULL,NULL,NULL,32,Missing,NULL,
5459,2F2203447334C3100000122F,5202,NULL,61,6021271M,NULL,318.56,NULL,32,Missing,NULL,
5412,2F2203447334C31000001230,5261,NULL,61,9625309,NULL,NULL,NULL,32,Missing,NULL,
5413,2F2203447334C31000001234,5261,NULL,61,9625311,NULL,NULL,NULL,32,Missing,NULL,
5414,2F2203447334C31000001238,5261,NULL,61,9625306,NULL,NULL,NULL,32,Missing,NULL,
5415,2F2203447334C3100000123B,5261,NULL,61,971353,NULL,NULL,NULL,32,Missing,NULL,
5416,2F2203447334C3100000123C,5261,NULL,61,9625307,NULL,NULL,NULL,44,Missing,NULL,
5417,2F2203447334C3100000123E,5261,NULL,61,9625310,NULL,NULL,NULL,44,Missing,NULL,
5418,2F2203447334C31000001240,5261,NULL,61,9625313,NULL,NULL,NULL,133,Missing,NULL,
5419,2F2203447334C31000001241,5261,NULL,61,971354,NULL,NULL,NULL,133,Missing,NULL,
5420,2F2203447334C31000001242,5261,NULL,61,9625308,NULL,NULL,NULL,44,Missing,NULL,
5421,2F2203447334C31000001243,5261,NULL,61,971324,NULL,NULL,NULL,44,Missing,NULL,
5422,2F2203447334C31000001244,5261,NULL,61,971323,NULL,NULL,NULL,133,Missing,NULL,
5423,2F2203447334C31000001245,5261,NULL,61,971322,NULL,NULL,NULL,47,Missing,NULL,
5424,2F2203447334C31000001246,5261,NULL,61,971321,NULL,NULL,NULL,47,Missing,NULL,
5425,2F2203447334C31000001247,5261,NULL,61,971325,NULL,NULL,NULL,47,Missing,NULL,
5426,2F2203447334C31000001248,5261,NULL,61,9625302,NULL,NULL,NULL,47,Missing,NULL,
5427,2F2203447334C31000001249,5261,NULL,61,9625304,NULL,NULL,NULL,133,Missing,NULL,
5428,2F2203447334C3100000124A,5261,NULL,61,9625303,NULL,NULL,NULL,32,Missing,NULL,
5429,2F2203447334C3100000124B,5261,NULL,61,9625301,NULL,NULL,NULL,32,Missing,NULL,
5430,2F2203447334C3100000124C,5261,NULL,61,9723902,NULL,NULL,NULL,133,Missing,NULL,
5431,2F2203447334C3100000124D,5261,NULL,61,971351,NULL,NULL,NULL,32,Missing,NULL,
5432,2F2203447334C3100000124E,5261,NULL,61,971352,NULL,NULL,NULL,32,Missing,NULL,
5433,2F2203447334C3100000124F,5261,NULL,61,971326,NULL,NULL,NULL,152,Missing,NULL,
5434,2F2203447334C31000001250,5261,NULL,61,971327,NULL,NULL,NULL,152,Missing,NULL,
5435,2F2203447334C31000001251,5261,NULL,61,971328,NULL,NULL,NULL,152,Missing,NULL,
5436,2F2203447334C31000001252,5261,NULL,61,971329,NULL,NULL,NULL,152,Missing,NULL,
5354,2F2203447334C31000001255,5175,NULL,60,SG40007119,NULL,5600,NULL,133,Missing,NULL,
5355,2F2203447334C31000001256,5175,NULL,60,SG40007104,NULL,5600,NULL,133,Missing,NULL,
5359,2F2203447334C31000001257,5179,NULL,60,SG44001004,NULL,10891.05,NULL,133,Missing,NULL,
5360,2F2203447334C31000001258,5179,NULL,60,SG44001302,NULL,10891.05,NULL,152,Missing,NULL,
5356,2F2203447334C31000001259,5175,NULL,60,SG40007106,NULL,5600,NULL,47,Missing,NULL,
5357,2F2203447334C3100000125A,5175,NULL,60,SG40007110,NULL,5600,NULL,133,Missing,NULL,
5396,2F2203447334C3100000125C,5258,NULL,60,9070008,NULL,26400,NULL,133,Missing,NULL,
4949,2F2203447334C3100000125E,5180,NULL,56,KR49351011,NULL,1026.42,NULL,32,Missing,NULL,
4950,2F2203447334C31000001260,5180,NULL,56,KR49351010,NULL,1026.42,NULL,32,Missing,NULL,
4951,2F2203447334C31000001261,5180,NULL,56,KR49351009,NULL,1026.42,NULL,32,Missing,NULL,
4952,2F2203447334C31000001262,5180,NULL,56,KR49351023,NULL,1026.42,NULL,32,Missing,NULL,
5341,2F2203447334C31000001263,5178,NULL,60,SG49440072,NULL,140.62,NULL,133,Missing,NULL,
5342,2F2203447334C31000001268,5178,NULL,60,SG49440081,NULL,140.62,NULL,133,Missing,NULL,
5142,2F2203447334C3100000126B,5178,NULL,58,SG49440085,NULL,140.62,NULL,32,Missing,NULL,
5143,2F2203447334C3100000126C,5178,NULL,58,SG49440079,NULL,140.62,NULL,133,Missing,NULL,
5144,2F2203447334C3100000126F,5178,NULL,58,SG49440101,NULL,140.62,NULL,152,Missing,NULL,
5145,2F2203447334C31000001270,5178,NULL,58,SG49440050,NULL,140.62,NULL,152,Missing,NULL,
5343,2F2203447334C31000001271,5178,NULL,60,SG49440037,NULL,140.62,NULL,152,Missing,NULL,
5344,2F2203447334C31000001272,5178,NULL,60,SG49440054,NULL,140.62,NULL,47,Missing,NULL,
4717,2F2203447334C31000001273,5178,NULL,54,SG49440028,NULL,140.62,NULL,47,Missing,NULL,
5146,2F2203447334C31000001274,5178,NULL,58,SG49440056,NULL,140.62,NULL,152,Missing,NULL,
4655,2F2203447334C31000001275,5178,NULL,50,SG49440118,NULL,140.62,NULL,47,Missing,NULL,
5345,2F2203447334C31000001277,5178,NULL,60,SG49440089,NULL,140.62,NULL,152,Missing,NULL,
5346,2F2203447334C31000001278,5178,NULL,60,SG49440058,NULL,140.62,NULL,47,Missing,NULL,
5347,2F2203447334C31000001288,5178,NULL,60,SG49430007,NULL,140.62,NULL,47,Missing,NULL,
4718,2F2203447334C3100000128C,5178,NULL,54,SG49440127,NULL,140.62,NULL,152,Missing,NULL,
5348,2F2203447334C31000001293,5178,NULL,60,SG49440047,NULL,140.62,NULL,61,Missing,NULL,
5147,2F2203447334C310000012BF,5178,NULL,58,SG49440055,NULL,140.62,NULL,47,Missing,NULL,
5148,2F2203447334C310000012C1,5178,NULL,58,SG49440092,NULL,140.62,NULL,92,Missing,NULL,
5149,2F2203447334C310000012C3,5178,NULL,58,SG49440076,NULL,140.62,NULL,47,Missing,NULL,
4656,2F2203447334C310000012C5,5178,NULL,50,SG49440019,NULL,140.62,NULL,47,Found,NULL,
4695,2F2203447334C310000012C6,5178,NULL,53,SG49440095,NULL,140.62,NULL,26,Missing,NULL,
5150,2F2203447334C310000012C7,5178,NULL,58,SG49440114,NULL,140.62,NULL,61,Missing,NULL,
4657,2F2203447334C310000012C9,5178,NULL,50,SG49440097,NULL,140.62,NULL,47,Missing,NULL,
5151,2F2203447334C310000012CA,5178,NULL,58,SG49440014,NULL,140.62,NULL,26,Missing,NULL,
4658,2F2203447334C310000012CB,5178,NULL,50,TW48089089,NULL,140.62,NULL,26,Missing,NULL,
4696,2F2203447334C310000012CC,5178,NULL,53,SG49440032,NULL,140.62,NULL,111,Missing,NULL,
5152,2F2203447334C310000012CE,5178,NULL,58,SG49430017,NULL,140.62,NULL,26,Missing,NULL,
4659,2F2203447334C310000012D3,5178,NULL,50,SG49440129,NULL,140.62,NULL,26,Missing,NULL,
4697,2F2203447334C310000012D5,5178,NULL,53,SG49440060,NULL,140.62,NULL,99,Missing,NULL,
4698,2F2203447334C310000012D6,5178,NULL,53,SG49440099,NULL,140.62,NULL,26,Missing,NULL,
4699,2F2203447334C310000012D8,5178,NULL,53,SG49430023,NULL,140.62,NULL,99,Missing,NULL,
4700,2F2203447334C310000012D9,5178,NULL,53,SG49440132,NULL,140.62,NULL,26,Missing,NULL,
4701,2F2203447334C310000012DA,5178,NULL,53,SG49440006,NULL,140.62,NULL,26,Missing,NULL,
4660,2F2203447334C310000012DB,5178,NULL,50,SG49440044,NULL,140.62,NULL,26,Found,NULL,
4702,2F2203447334C310000012DE,5178,NULL,53,SG49280009,NULL,140.62,NULL,26,Missing,NULL,
4703,2F2203447334C310000012E0,5178,NULL,53,SG49280017,NULL,140.62,NULL,99,Missing,NULL,
5241,2F2203447334C310000012F4,5178,NULL,59,SG49440128,NULL,140.62,NULL,26,Missing,NULL,
5242,2F2203447334C310000012F8,5178,NULL,59,SG49440124,NULL,140.62,NULL,99,Missing,NULL,
5243,2F2203447334C310000012FC,5178,NULL,59,SG49440071,NULL,140.62,NULL,99,Missing,NULL,
5244,2F2203447334C310000012FD,5178,NULL,59,SG49440029,NULL,140.62,NULL,26,Missing,NULL,
5058,2F2203447334C310000012FF,5178,NULL,57,SG49280001,NULL,140.62,NULL,99,Missing,NULL,
5245,2F2203447334C31000001300,5178,NULL,59,SG49440134,NULL,140.62,NULL,99,Missing,NULL,
5059,2F2203447334C31000001301,5178,NULL,57,SG49430024,NULL,140.62,NULL,99,Missing,NULL,
5246,2F2203447334C31000001302,5178,NULL,59,SG49440030,NULL,140.62,NULL,99,Missing,NULL,
5247,2F2203447334C31000001303,5178,NULL,59,SG49440053,NULL,140.62,NULL,47,Missing,NULL,
5248,2F2203447334C31000001304,5178,NULL,59,SG49440048,NULL,140.62,NULL,99,Missing,NULL,
5249,2F2203447334C31000001305,5178,NULL,59,SG49440035,NULL,140.62,NULL,44,Missing,NULL,
5060,2F2203447334C31000001306,5178,NULL,57,SG49440113,NULL,140.62,NULL,44,Missing,NULL,
5250,2F2203447334C31000001307,5178,NULL,59,SG49430013,NULL,140.62,NULL,133,Missing,NULL,
5061,2F2203447334C31000001308,5178,NULL,57,SG49440040,NULL,140.62,NULL,44,Missing,NULL,
5062,2F2203447334C31000001309,5178,NULL,57,SG49440012,NULL,140.62,NULL,44,Missing,NULL,
5251,2F2203447334C3100000130A,5178,NULL,59,SG49440038,NULL,140.62,NULL,44,Missing,NULL,
5063,2F2203447334C3100000130B,5178,NULL,57,SG49430004,NULL,140.62,NULL,44,Missing,NULL,
5064,2F2203447334C3100000130C,5178,NULL,57,TW48099035,NULL,140.62,NULL,99,Missing,NULL,
5065,2F2203447334C3100000130D,5178,NULL,57,SG49440123,NULL,140.62,NULL,44,Missing,NULL,
5066,2F2203447334C3100000130E,5178,NULL,57,SG49430003,NULL,140.62,NULL,44,Missing,NULL,
4661,2F2203447334C3100000130F,5178,NULL,50,SG49440070,NULL,140.62,NULL,44,Missing,NULL,
5086,2F2203447334C31000001311,5176,NULL,57,MY40040502,NULL,1055.7,NULL,152,Missing,NULL,
5035,2F2203447334C31000001312,5205,NULL,57,SG40000562,NULL,2400,NULL,44,Missing,NULL,
5069,2F2203447334C31000001313,5175,NULL,57,MY40011457,NULL,5600,NULL,44,Missing,NULL,
5074,2F2203447334C31000001316,5179,NULL,57,SG44001308,NULL,10891.05,NULL,44,Missing,NULL,
5036,2F2203447334C31000001317,5205,NULL,57,SG40000769,NULL,2400,NULL,44,Missing,NULL,
5070,2F2203447334C31000001318,5175,NULL,57,SG40006242,NULL,5600,NULL,44,Missing,NULL,
5037,2F2203447334C31000001319,5205,NULL,57,SG40000767,NULL,2400,NULL,44,Missing,NULL,
5002,2F2203447334C3100000131B,5182,NULL,57,5933U040698,NULL,4855.82,NULL,44,Missing,NULL,
5077,2F2203447334C3100000131C,5208,NULL,57,N981200898,NULL,NULL,NULL,44,Missing,NULL,
5071,2F2203447334C3100000131D,5175,NULL,57,SG40007113,NULL,5600,NULL,44,Missing,NULL,
5038,2F2203447334C3100000131E,5205,NULL,57,SG40000766,NULL,2400,NULL,133,Missing,NULL,
5039,2F2203447334C3100000131F,5205,NULL,57,SG40000771,NULL,2400,NULL,47,Missing,NULL,
5075,2F2203447334C31000001320,5179,NULL,57,SG44001306,NULL,10891.05,NULL,44,Missing,NULL,
5072,2F2203447334C31000001321,5175,NULL,57,SG40007118,NULL,5600,NULL,44,Missing,NULL,
5040,2F2203447334C31000001322,5205,NULL,57,SG40000614,NULL,2400,NULL,44,Missing,NULL,
5041,2F2203447334C31000001323,5205,NULL,57,SG40000615,NULL,2400,NULL,44,Missing,NULL,
5073,2F2203447334C31000001324,5175,NULL,57,SG40007112,NULL,5600,NULL,44,Missing,NULL,
5332,2F2203447334C3100000379C,5206,NULL,60,MX0Y322G7426296Q1LAS,NULL,189,NULL,44,Missing,NULL,
5333,2F2203447334C3100000379D,5206,NULL,60,MX0Y322G7426296O1J8S,NULL,189,NULL,44,Missing,NULL,
5292,2F2203447334C3100000379E,5166,NULL,60,4KMXZK1,NULL,955,NULL,44,Missing,USMAWKDD113800,
5334,2F2203447334C3100000379F,5206,NULL,60,MX0Y322G7426296O1J4S,NULL,189,NULL,44,Missing,NULL,
5293,2F2203447334C310000037A0,5166,NULL,60,FJMXZK1,NULL,955,NULL,96,Missing,USMAWKDD113801,
5358,2F2203447334C310000037A1,5246,NULL,60,SG50140102,NULL,30574.5,NULL,27,Missing,NULL,
4665,2F2203447334C310000037A4,5182,NULL,52,5933U042052,NULL,4855.82,NULL,32,Found,NULL,
5294,2F2203447334C310000037A5,5166,NULL,60,4R1WVK1,NULL,955,NULL,50,Missing,USMAWKDD113807,
5335,2F2203447334C310000037A6,5206,NULL,60,MX0Y322G7426296Q1R6S,NULL,189,NULL,99,Missing,NULL,
5295,2F2203447334C310000037A7,5166,NULL,60,HJMXZK1,NULL,955,NULL,50,Missing,USMAWKDD113806,
5296,2F2203447334C310000037A8,5166,NULL,60,HWSXZK1,NULL,955,NULL,44,Missing,USMAWKDD113805,
5336,2F2203447334C310000037A9,5206,NULL,60,MX0Y322G7426296P1H9S,NULL,189,NULL,108,Missing,NULL,
5337,2F2203447334C310000037AB,5206,NULL,60,MX0Y322G7426296P1RNS,NULL,189,NULL,44,Missing,NULL,
5297,2F2203447334C310000037AC,5166,NULL,60,3KMXZK1,NULL,955,NULL,44,Found,USMAWKDD113802,
5338,2F2203447334C310000037AD,5206,NULL,60,MX0Y322G7426296Q1LCS,NULL,189,NULL,44,Found,NULL,
5124,2F2203447334C310000037DC,5206,NULL,58,CN0W160G7287298H26EI,NULL,189,NULL,44,Missing,NULL,
4670,2F2203447334C31000003802,5184,NULL,53,B58JZLMI,NULL,1710,NULL,44,NULL,USMANBDDMILL-M2 ,
4671,2F2203447334C31000003803,5184,NULL,53,B8N1MM1,NULL,1710,NULL,44,NULL,USMANBDDBLAIR2,
4672,2F2203447334C31000003804,5184,NULL,53,B8N0MM1,NULL,1710,NULL,44,Found,USMANBDDMORRC ,
4673,2F2203447334C31000003806,5184,NULL,53,B8H1MM1,NULL,1710,NULL,44,Missing,USMANBDDRESSLR2,
4674,2F2203447334C31000003807,5184,NULL,53,B8H0MM1,NULL,1710,NULL,44,Found,USMANBDDCOX2,
4675,2F2203447334C31000003808,5184,NULL,53,B8JYLM1,NULL,1710,NULL,44,Found,NULL,
4676,2F2203447334C31000003809,5184,NULL,53,B8GZLMI,NULL,1710,NULL,44,NULL,USMANBDDSYERS2 ,
4677,2F2203447334C3100000380B,5184,NULL,53,B8HYLM1,NULL,1710,NULL,44,Found,NULL,
4678,2F2203447334C3100000380C,5184,NULL,53,B8K0MM1,NULL,1710,NULL,44,NULL,USMANBDDFLEMING2 ,
4679,2F2203447334C3100000380D,5184,NULL,53,B8M0MM1,NULL,1710,NULL,44,NULL,USMANBDDJAMESM2 ,
4680,2F2203447334C3100000380E,5184,NULL,53,9LYYLM1,NULL,1710,NULL,44,NULL,USMANBDDSUCHAN2 ,
4681,2F2203447334C3100000380F,5184,NULL,53,B8MZLM1,NULL,1710,NULL,44,Missing,USMANBDDFANELI2 ,
5125,2F2203447334C31000003810,5206,NULL,58,CN0W160G7287298H0EFI,NULL,189,NULL,44,Missing,NULL,
5126,2F2203447334C31000003811,5206,NULL,58,CN0W160G7287298H0FUI,NULL,189,NULL,44,Missing,NULL,
5127,2F2203447334C31000003812,5206,NULL,58,CN0W160G7287298H2A5I,NULL,189,NULL,44,Missing,NULL,
5128,2F2203447334C31000003813,5206,NULL,58,CN0W160G7287298H2UFI,NULL,189,NULL,44,Missing,NULL,
5129,2F2203447334C31000003814,5206,NULL,58,CN0W160G7287298H0URI,NULL,189,NULL,44,Missing,NULL,
5130,2F2203447334C31000003815,5206,NULL,58,CN0W160G7287298H0CMI,NULL,189,NULL,44,Missing,NULL,
5131,2F2203447334C31000003816,5206,NULL,58,CN0W160G7287298H0GJI,NULL,189,NULL,44,Missing,NULL,
5132,2F2203447334C31000003817,5206,NULL,58,CN0W160G7287298H0GMI,NULL,189,NULL,44,Missing,NULL,
5133,2F2203447334C31000003818,5206,NULL,58,CN0W160G7287298H0ENI,NULL,189,NULL,44,Missing,NULL,
5134,2F2203447334C31000003819,5206,NULL,58,CN0W160G7287298H0H5I,NULL,189,NULL,44,Missing,NULL,
5135,2F2203447334C3100000381A,5206,NULL,58,CN0W160G7287298H0DLI,NULL,189,NULL,44,Missing,NULL,
5136,2F2203447334C3100000381B,5206,NULL,58,CN0W160G7287298H0Y9I,NULL,189,NULL,44,Missing,NULL,
5137,2F2203447334C3100000381C,5206,NULL,58,CN0W160G7287298H0VJI,NULL,189,NULL,133,Missing,NULL,
5100,2F2203447334C3100000381D,5166,NULL,58,DC19ZK1,NULL,955,NULL,133,Missing,USMAWKDD11103,
5101,2F2203447334C3100000381E,5166,NULL,58,6C19ZK1,NULL,955,NULL,133,Missing,USMAWKDD11102,
5102,2F2203447334C3100000381F,5166,NULL,58,B0K9ZK1,NULL,955,NULL,133,Missing,USMAWKDD11101,
5103,2F2203447334C31000003820,5166,NULL,58,3VD9ZK1,NULL,955,NULL,133,Missing,USMAWKDD11106,
5104,2F2203447334C31000003821,5166,NULL,58,FTD9ZK1,NULL,955,NULL,133,Missing,USMAWKDD11105,
5105,2F2203447334C31000003822,5166,NULL,58,90K9ZK1,NULL,955,NULL,133,Missing,USMAWKDD11104,
5106,2F2203447334C31000003823,5166,NULL,58,3ZL9ZK1,NULL,955,NULL,133,Missing,USMAWKDD11100,
5107,2F2203447334C31000003824,5166,NULL,58,JBJXZK1,NULL,955,NULL,133,Missing,USMAWKDD11108,
5108,2F2203447334C31000003825,5166,NULL,58,9C19ZK1,NULL,955,NULL,133,Missing,USMAWKDD11107,
5109,2F2203447334C31000003826,5166,NULL,58,94H9ZK1,NULL,955,NULL,133,Found,USMAWKDD11113,
5110,2F2203447334C31000003827,5166,NULL,58,54H9ZK1,NULL,955,NULL,133,Found,USMAWKDD11109,
5111,2F2203447334C31000003828,5166,NULL,58,2VD9ZK1,NULL,955,NULL,133,Found,USMAWKDD11110,
5112,2F2203447334C31000003829,5166,NULL,58,10K9ZK1,NULL,955,NULL,133,Found,USMAWKDD11112,
5113,2F2203447334C3100000382A,5166,NULL,58,GYL9ZK1,NULL,955,NULL,133,Found,USMAWKDD11111,
4531,2F2203447334C3100000384D,5166,NULL,48,8HBYZK1,NULL,955,NULL,133,Found,NULL,
5381,2F2203447334C310000038A5,5176,NULL,60,MY40038330,NULL,1055.7,NULL,133,Missing,NULL,
5368,2F2203447334C310000038A6,5250,NULL,60,1083,NULL,765,NULL,133,Missing,NULL,
5362,2F2203447334C310000038A7,5247,NULL,60,SG45000702,NULL,NULL,NULL,133,Missing,NULL,
5300,2F2203447334C310000038A8,5231,NULL,60,090303-03,NULL,2375,NULL,133,Missing,NULL,
5364,2F2203447334C310000038A9,5249,NULL,60,1006,NULL,655,BEN/FG256C,133,Missing,NULL,
5303,2F2203447334C310000038AA,5234,NULL,60,090318-03,NULL,1281.55,NULL,133,Missing,NULL,
5305,2F2203447334C310000038AB,5236,NULL,60,090615-02,NULL,1138.1,NULL,133,Missing,NULL,
5382,2F2203447334C310000038AC,5176,NULL,60,SG40005453,NULL,1055.7,NULL,133,Missing,NULL,
5383,2F2203447334C310000038AD,5176,NULL,60,SG40015249,NULL,1055.7,NULL,133,Missing,NULL,
5287,2F2203447334C310000038AE,5226,NULL,60,US37090147,NULL,44550,NULL,44,Missing,NULL,
5289,2F2203447334C310000038AF,5228,NULL,60,3846A10071,NULL,36867.04,NULL,133,Missing,NULL,
5384,2F2203447334C310000038B0,5176,NULL,60,SG40005404,NULL,1055.7,NULL,133,Missing,NULL,
5304,2F2203447334C310000038B1,5235,NULL,60,090415-01,NULL,1567.5,NULL,133,Missing,NULL,
5307,2F2203447334C310000038B2,5237,NULL,60,090415-10,NULL,1482,NULL,133,Missing,NULL,
5302,2F2203447334C310000038B3,5233,NULL,60,090317-08,NULL,1567.5,NULL,133,Missing,NULL,
5369,2F2203447334C310000038B4,5250,NULL,60,1082,NULL,765,NULL,133,Missing,NULL,
5310,2F2203447334C310000038B5,5160,NULL,60,MY40017417,NULL,3885.35,NULL,133,Missing,NULL,
5306,2F2203447334C310000038B6,5236,NULL,60,090615-04,NULL,1138.1,NULL,133,Missing,NULL,
5365,2F2203447334C310000038B7,5249,NULL,60,1059,NULL,655,NULL,133,Missing,NULL,
5308,2F2203447334C310000038B8,5237,NULL,60,090413-09,NULL,1482,NULL,133,Missing,NULL,
5309,2F2203447334C310000038B9,5238,NULL,60,090625-5,NULL,1482,NULL,133,Missing,NULL,
5301,2F2203447334C310000038BA,5232,NULL,60,090611-4,NULL,1233.1,NULL,133,Missing,NULL,
5392,2F2203447334C310000038BB,5255,NULL,60,2724,NULL,NULL,BEN/FG252K,133,Missing,NULL,
5385,2F2203447334C310000038BC,5176,NULL,60,SG40005430,NULL,1055.7,NULL,133,Missing,NULL,
5386,2F2203447334C310000038BD,5176,NULL,60,SG40005422,NULL,1055.7,NULL,44,Missing,NULL,
4883,2F2203447334C310000038BE,5174,NULL,56,SG40017902,NULL,1900,NULL,44,Found,NULL,
5371,2F2203447334C310000038BF,5251,NULL,60,2532,NULL,785,NULL,44,Missing,NULL,
5311,2F2203447334C310000038C0,5160,NULL,60,SG40005494,NULL,3885.35,NULL,44,Missing,NULL,
5366,2F2203447334C310000038C1,5249,NULL,60,1053,NULL,655,NULL,92,Missing,NULL,
5387,2F2203447334C310000038C2,5176,NULL,60,SG40005407,NULL,1055.7,NULL,133,Missing,NULL,
5312,2F2203447334C310000038C5,5160,NULL,60,MY40019745,NULL,3885.35,NULL,133,Missing,NULL,
5313,2F2203447334C310000038C6,5160,NULL,60,MY40019897,NULL,3885.35,NULL,133,Missing,NULL,
5370,2F2203447334C310000038C7,5250,NULL,60,1084,NULL,765,NULL,133,Missing,NULL,
5395,2F2203447334C310000038C8,5257,NULL,60,M37319,NULL,24775.02,NULL,133,Missing,NULL,
5298,2F2203447334C310000038C9,5229,NULL,60,M47121,NULL,10000,NULL,133,Missing,NULL,
5351,2F2203447334C310000038CA,5245,NULL,60,M27499,NULL,38537,NULL,133,Missing,NULL,
5339,2F2203447334C310000038CB,5243,NULL,60,1276,NULL,3200,NULL,133,Missing,NULL,
5288,2F2203447334C310000038CC,5227,NULL,60,DE44103121,NULL,63385.74,NULL,133,Missing,NULL,
5349,2F2203447334C310000038CD,5244,NULL,60,None,NULL,19737,NULL,133,Missing,NULL,
5363,2F2203447334C310000038CE,5248,NULL,60,3411A00396,NULL,11475,NULL,133,Missing,NULL,
5394,2F2203447334C310000038CF,5168,NULL,60,615890,NULL,NULL,NULL,47,Missing,NULL,
4884,2F2203447334C310000038D0,5174,NULL,56,SG40017901,NULL,1900,NULL,47,Found,NULL,
4885,2F2203447334C310000038D1,5174,NULL,56,SG40017903,NULL,1900,NULL,47,Found,NULL,
4886,2F2203447334C310000038D2,5174,NULL,56,SG40017906,NULL,1900,NULL,47,Found,NULL,
4887,2F2203447334C310000038D3,5174,NULL,56,SG40017905,NULL,1900,NULL,47,Found,NULL,
4888,2F2203447334C310000038D4,5174,NULL,56,SG40017900,NULL,1900,NULL,47,Found,NULL,
5388,2F2203447334C310000038D5,5176,NULL,60,SG40005439,NULL,1055.7,NULL,47,Found,NULL,
5376,2F2203447334C310000038D6,5252,NULL,60,1856,NULL,935,NULL,92,Missing,NULL,
5377,2F2203447334C310000038D7,5252,NULL,60,1845,NULL,935,NULL,99,Missing,NULL,
5378,2F2203447334C310000038D8,5252,NULL,60,1857,NULL,935,NULL,99,Missing,NULL,
5379,2F2203447334C310000038D9,5252,NULL,60,1843,NULL,935,NULL,133,Missing,NULL,
5299,2F2203447334C310000038DA,5230,NULL,60,7209,NULL,1087,NULL,133,Missing,NULL,
5372,2F2203447334C310000038DB,5251,NULL,60,2493,NULL,785,NULL,133,Missing,NULL,
5373,2F2203447334C310000038DC,5251,NULL,60,1589,NULL,785,NULL,133,Missing,NULL,
5374,2F2203447334C310000038DD,5251,NULL,60,2533,NULL,785,NULL,133,Missing,NULL,
5375,2F2203447334C310000038DE,5251,NULL,60,2495,NULL,785,NULL,133,Missing,NULL,
5393,2F2203447334C310000038DF,5256,NULL,60,803867,NULL,1025,NULL,44,Missing,NULL,
4891,2F2203447334C310000038E6,5200,NULL,56,SG44000814,NULL,850,NULL,44,Found,NULL,
4892,2F2203447334C310000038ED,5200,NULL,56,SG44000810,NULL,850,NULL,133,Found,NULL,
4893,2F2203447334C310000038F0,5200,NULL,56,SG44000717,NULL,850,NULL,133,Missing,NULL,
4894,2F2203447334C310000038F1,5200,NULL,56,SG44000824,NULL,850,NULL,133,Found,NULL,
5000,2F2203447334C310000038F6,5176,NULL,56,SG40015253,NULL,1055.7,NULL,133,Missing,NULL,
4895,2F2203447334C31000003901,5200,NULL,56,SG44000822,NULL,850,NULL,133,Found,NULL,
4896,2F2203447334C31000003903,5200,NULL,56,SG44000806,NULL,850,NULL,133,Found,NULL,
4897,2F2203447334C31000003905,5200,NULL,56,SG44000724,NULL,850,NULL,99,Found,NULL,
4477,2F2203447334C3100000390C,5160,NULL,46,MY40018288,NULL,3885.35,NULL,44,Missing,NULL,
4768,2F2203447334C31000003916,5176,NULL,55,SG40005426,NULL,1055.7,NULL,99,NULL,NULL,
4760,2F2203447334C31000003917,5174,NULL,55,SG40008432,NULL,1900,NULL,99,NULL,NULL,
4708,2F2203447334C31000003936,5160,NULL,54,MY40017416,NULL,3885.35,NULL,99,Missing,NULL,
4727,2F2203447334C31000003937,5176,NULL,54,MY40039546,NULL,1055.7,NULL,99,Missing,NULL,
4728,2F2203447334C31000003938,5176,NULL,54,MY40039398,NULL,1055.7,NULL,99,Missing,NULL,
4719,2F2203447334C31000003939,5191,NULL,54,M34620,NULL,5185,NULL,44,Found,NULL,
4707,2F2203447334C3100000393A,5174,NULL,54,SG40017879,NULL,1900,BEN/FA600F,99,Missing,NULL,
4709,2F2203447334C3100000393B,5160,NULL,54,SG40005489,NULL,3885.35,NULL,99,Missing,NULL,
4706,2F2203447334C3100000393C,5187,NULL,54,3500 258H,NULL,28687.5,NULL,99,Missing,NULL,
4713,2F2203447334C3100000393D,5188,NULL,54,1383900,NULL,5100,NULL,99,Missing,NULL,
4710,2F2203447334C3100000393E,5160,NULL,54,SG40005311,NULL,3885.35,NULL,99,Missing,NULL,
4711,2F2203447334C3100000393F,5160,NULL,54,SG40006594,NULL,3885.35,NULL,99,Missing,NULL,
4712,2F2203447334C31000003940,5160,NULL,54,MY40019904,NULL,3885.35,NULL,99,Found,NULL,
4729,2F2203447334C31000003941,5176,NULL,54,KR92921094,NULL,1055.7,NULL,99,Found,NULL,
5350,2F2203447334C31000003942,5192,NULL,60,ABB2418,NULL,3487.97,NULL,99,Missing,NULL,
5329,2F2203447334C31000003943,5241,NULL,60,3714A00232,NULL,19475,BEN/FA6033,44,Missing,NULL,
5328,2F2203447334C31000003944,5240,NULL,60,3746A00128,NULL,7218,NULL,99,Missing,NULL,
5326,2F2203447334C31000003945,5239,NULL,60,1941-T,NULL,10283,NULL,99,Found,NULL,
4739,2F2203447334C31000003946,5195,NULL,55,30243611,coei PackBot,NULL,NULL,99,NULL,NULL,
4769,2F2203447334C31000003947,5197,NULL,55,26022313,on loan TARDEC,74433,NULL,99,NULL,NULL,
4740,2F2203447334C31000003948,5195,NULL,55,30243810,coei PackBot,NULL,NULL,99,NULL,NULL,
4770,2F2203447334C31000003949,5197,NULL,55,26022234,on loan TARDEC,74433,NULL,99,NULL,NULL,
4741,2F2203447334C3100000394A,5195,NULL,55,30243618,coei PackBot,NULL,NULL,99,NULL,NULL,
4771,2F2203447334C3100000394B,5197,NULL,55,26022224,on loan TARDEC,74433,NULL,99,NULL,NULL,
4742,2F2203447334C3100000394C,5195,NULL,55,30243572,coei PackBot,NULL,NULL,99,NULL,NULL,
4772,2F2203447334C3100000394D,5197,NULL,55,26022223,on loan TARDEC,74433,NULL,99,NULL,NULL,
4773,2F2203447334C3100000394F,5197,NULL,55,26022409,on loan TARDEC,74433,NULL,99,NULL,NULL,
4743,2F2203447334C31000003950,5195,NULL,55,30243390,coei PackBot,NULL,NULL,99,NULL,NULL,
4744,2F2203447334C31000003951,5195,NULL,55,30243609,coei PackBot,NULL,NULL,99,NULL,NULL,
4774,2F2203447334C31000003952,5197,NULL,55,26022240,on loan TARDEC,74433,NULL,99,NULL,NULL,
4775,2F2203447334C31000003953,5197,NULL,55,26022306,on loan TARDEC,74433,NULL,99,NULL,NULL,
4745,2F2203447334C31000003954,5195,NULL,55,30243918,coei PackBot,NULL,NULL,99,NULL,NULL,
4776,2F2203447334C31000003955,5197,NULL,55,26022389,MAJ Korpela,74433,NULL,99,NULL,NULL,
4746,2F2203447334C31000003956,5195,NULL,55,30243756,coei PackBot,NULL,NULL,99,NULL,NULL,
4777,2F2203447334C31000003957,5197,NULL,55,26022279,on loan TARDEC,74433,NULL,99,NULL,NULL,
4778,2F2203447334C31000003958,5197,NULL,55,26022275,on loan TARDEC,74433,NULL,99,NULL,NULL,
4747,2F2203447334C31000003959,5195,NULL,55,30243748,coei PackBot,NULL,NULL,32,NULL,NULL,
4779,2F2203447334C3100000395A,5197,NULL,55,26022297,on loan TARDEC,74433,NULL,99,NULL,NULL,
4748,2F2203447334C3100000395B,5195,NULL,55,30243783,coei PackBot,NULL,NULL,99,NULL,NULL,
4780,2F2203447334C3100000395C,5197,NULL,55,26022218,on loan TARDEC,74433,NULL,44,NULL,NULL,
4749,2F2203447334C3100000395D,5195,NULL,55,30243562,coei PackBot,NULL,NULL,99,NULL,NULL,
4781,2F2203447334C3100000395E,5197,NULL,55,26022301,on loan TARDEC,74433,NULL,152,NULL,NULL,
4750,2F2203447334C3100000395F,5195,NULL,55,30243782,coei PackBot,NULL,NULL,152,NULL,NULL,
4782,2F2203447334C31000003960,5197,NULL,55,26022295,on loan TARDEC,74433,NULL,32,NULL,NULL,
4751,2F2203447334C31000003961,5195,NULL,55,30243776,coei PackBot,NULL,NULL,133,NULL,NULL,
4783,2F2203447334C31000003962,5197,NULL,55,26022261,on loan TARDEC,74433,NULL,32,NULL,NULL,
4752,2F2203447334C31000003963,5195,NULL,55,30243721,coei PackBot,NULL,NULL,32,NULL,NULL,
4784,2F2203447334C31000003964,5197,NULL,55,26022274,on loan TARDEC,74433,NULL,152,NULL,NULL,
4753,2F2203447334C31000003965,5195,NULL,55,30243747,coei PackBot,NULL,NULL,47,NULL,NULL,
4754,2F2203447334C31000003966,5195,NULL,55,30243778,coei PackBot,NULL,NULL,47,NULL,NULL,
4785,2F2203447334C31000003967,5197,NULL,55,26022298,on loan TARDEC,74433,NULL,47,NULL,NULL,
4786,2F2203447334C31000003968,5197,NULL,55,26022305,on loan TARDEC,74433,NULL,47,NULL,NULL,
4755,2F2203447334C31000003969,5195,NULL,55,30243812,coei PackBot,NULL,NULL,47,NULL,NULL,
4756,2F2203447334C3100000396A,5195,NULL,55,30243792,coei PackBot,NULL,NULL,32,NULL,NULL,
4787,2F2203447334C3100000396B,5197,NULL,55,26022312,on loan TARDEC,74433,NULL,32,NULL,NULL,
4757,2F2203447334C3100000396C,5195,NULL,55,30243791,coei PackBot,NULL,NULL,32,NULL,NULL,
4788,2F2203447334C3100000396F,5197,NULL,55,26022237,on loan TARDEC,74433,NULL,32,NULL,NULL,
4758,2F2203447334C31000003970,5195,NULL,55,30243614,coei PackBot,NULL,NULL,99,NULL,NULL,
4789,2F2203447334C31000003971,5197,NULL,55,26021791,on loan TARDEC,74433,NULL,26,NULL,NULL,
4759,2F2203447334C31000003972,5195,NULL,55,30242930,coei PackBot,NULL,NULL,32,NULL,NULL,
5120,2F2203447334C31000003977,5201,NULL,58,MY50260017,NULL,850,NULL,32,Missing,NULL,
5121,2F2203447334C31000003978,5201,NULL,58,MY50300003,NULL,850,NULL,133,Missing,NULL,
5453,2F2203447334C31000003979,5201,NULL,61,MY50290003,NULL,850,NULL,133,Missing,NULL,
5322,2F2203447334C3100000397B,5201,NULL,60,MY50290005,NULL,850,NULL,133,Missing,NULL,
5454,2F2203447334C3100000397C,5201,NULL,61,MY50300006,NULL,850,NULL,44,Missing,NULL,
5455,2F2203447334C3100000397D,5201,NULL,61,MY50300027,NULL,850,NULL,44,Missing,NULL,
5122,2F2203447334C3100000397F,5201,NULL,58,MY50260015,NULL,850,NULL,44,Missing,NULL,
5029,2F2203447334C31000003980,5201,NULL,57,MY50300030,NULL,850,NULL,44,Missing,NULL,
5030,2F2203447334C31000003981,5201,NULL,57,MY50250021,NULL,850,NULL,50,Missing,NULL,
4902,2F2203447334C31000003982,5201,NULL,56,MY50260008,NULL,850,NULL,140,Missing,NULL,
4903,2F2203447334C31000003983,5201,NULL,56,MY50260019,NULL,850,NULL,147,Missing,NULL,
4904,2F2203447334C31000003984,5201,NULL,56,MY50300033,NULL,850,NULL,129,Missing,NULL,
5204,2F2203447334C3100000398E,5212,NULL,59,V08X09D16,NULL,38100.92,NULL,136,Found,NULL,
5269,2F2203447334C31000003991,5221,NULL,59,2703A11516,NULL,2094.47,NULL,34,Missing,NULL,
5270,2F2203447334C31000003993,5222,NULL,59,2703A06570,NULL,2094.47,NULL,50,Missing,NULL,
5271,2F2203447334C31000003994,5222,NULL,59,2703A06389,NULL,2094.47,NULL,100,Missing,NULL,
5212,2F2203447334C31000003995,5214,NULL,59,NBS21125,NULL,650,NULL,25,Missing,NULL,
5323,2F2203447334C3100000399C,5201,NULL,60,MY50300023,NULL,850,NULL,99,Found,NULL,
5324,2F2203447334C3100000399D,5201,NULL,60,MY50260006,NULL,850,NULL,103,Found,NULL,
5325,2F2203447334C3100000399E,5201,NULL,60,MY50290001,NULL,850,NULL,82,Found,NULL,
4592,2F2203447334C310000039A2,5171,NULL,48,SJ0380427,NULL,79.99,BPT/Z01717,72,Missing,NULL,
4532,2F2203447334C310000039B1,5167,NULL,48,HFTGWB1,NULL,NULL,NULL,26,Found,NULL,
5001,2F2203447334C310000039B4,5176,NULL,56,SG40005418,NULL,1055.7,NULL,44,Missing,NULL,
5213,2F2203447334C310000039B5,5215,NULL,59,ABH0146,ESG area to be turned in ,13701,NULL,4,Missing,NULL,
4593,2F2203447334C310000039B9,5171,NULL,48,SJ0380439,NULL,79.99,NULL,50,Missing,NULL,
4594,2F2203447334C310000039BA,5171,NULL,48,SJ0380444,NULL,79.99,NULL,50,Missing,NULL,
5252,2F2203447334C310000039BB,5217,NULL,59,SG44420172,NULL,2010.98,NULL,50,Missing,NULL,
5253,2F2203447334C310000039BC,5218,NULL,59,SG44420267,NULL,2683.7,NULL,50,Missing,NULL,
4595,2F2203447334C310000039BD,5171,NULL,48,SJ0380421,NULL,79.99,NULL,87,Missing,NULL,
4596,2F2203447334C310000039BE,5171,NULL,48,SJ0380406,NULL,79.99,NULL,152,Missing,NULL,
4597,2F2203447334C310000039BF,5171,NULL,48,SJ0380416,NULL,79.99,NULL,152,Missing,NULL,
4598,2F2203447334C310000039C0,5171,NULL,48,SJ0380401,NULL,79.99,NULL,152,Missing,NULL,
4599,2F2203447334C310000039C1,5171,NULL,48,SJ0380411,NULL,79.99,NULL,99,Missing,NULL,
4600,2F2203447334C310000039C2,5171,NULL,48,SJ0380392,NULL,79.99,NULL,152,Missing,NULL,
4601,2F2203447334C310000039C3,5171,NULL,48,SJ0380420,NULL,79.99,NULL,152,Missing,NULL,
4602,2F2203447334C310000039C4,5171,NULL,48,SJ0380415,NULL,79.99,NULL,47,Missing,NULL,
4603,2F2203447334C310000039C5,5171,NULL,48,SJ0380410,NULL,79.99,NULL,133,Missing,NULL,
4604,2F2203447334C310000039C6,5171,NULL,48,SJ0380405,NULL,79.99,NULL,133,Missing,NULL,
4605,2F2203447334C310000039C7,5171,NULL,48,SJ0380449,NULL,79.99,NULL,133,Missing,NULL,
4606,2F2203447334C310000039C8,5171,NULL,48,SJ0380432,NULL,79.99,NULL,99,Missing,NULL,
4607,2F2203447334C310000039C9,5171,NULL,48,SJ0380450,NULL,79.99,NULL,99,Missing,NULL,
4608,2F2203447334C310000039CA,5171,NULL,48,SJ0380440,NULL,79.99,NULL,99,Missing,NULL,
4609,2F2203447334C310000039CB,5171,NULL,48,SJ0380443,NULL,79.99,NULL,99,Missing,NULL,
4610,2F2203447334C310000039CC,5171,NULL,48,SJ0380442,NULL,79.99,NULL,99,Missing,NULL,
4611,2F2203447334C310000039CD,5171,NULL,48,SJ0380433,NULL,79.99,NULL,99,Missing,NULL,
4612,2F2203447334C310000039CE,5171,NULL,48,SJ0380447,NULL,79.99,NULL,50,Missing,NULL,
4613,2F2203447334C310000039CF,5171,NULL,48,SJ0380451,NULL,79.99,NULL,50,Missing,NULL,
5115,2F2203447334C310000039D1,5160,NULL,58,SG40006794,NULL,3892.15,NULL,50,Found,NULL,
5116,2F2203447334C310000039D2,5160,NULL,58,SG40006805,NULL,3892.15,NULL,74,Found,NULL,
5117,2F2203447334C310000039D3,5160,NULL,58,SG40006844,NULL,3892.15,NULL,75,Found,NULL,
5021,2F2203447334C310000039D4,5160,NULL,57,SG40006824,NULL,3892.15,NULL,80,Found,NULL,
5118,2F2203447334C310000039D5,5160,NULL,58,SG40006815,NULL,3892.15,NULL,50,Found,NULL,
5119,2F2203447334C310000039D6,5160,NULL,58,SG40006793,NULL,3892.15,NULL,50,Found,NULL,
4899,2F2203447334C310000039D9,5160,NULL,56,SG40006783,NULL,3892.15,NULL,119,Missing,NULL,
5314,2F2203447334C310000039F6,5160,NULL,60,SG40006798,NULL,3892.15,NULL,44,Found,NULL,
5315,2F2203447334C310000039F9,5160,NULL,60,SG40006816,NULL,3892.15,NULL,133,Found,NULL,
5316,2F2203447334C310000039FB,5160,NULL,60,SG40006800,NULL,3892.15,NULL,133,Found,NULL,
5022,2F2203447334C310000039FD,5160,NULL,57,SG40006820,NULL,3892.15,NULL,11,Found,NULL,
5023,2F2203447334C310000039FE,5160,NULL,57,SG40006807,NULL,3892.15,NULL,133,Found,NULL,
5024,2F2203447334C310000039FF,5160,NULL,57,SG40006797,NULL,3892.15,NULL,133,Found,NULL,
5025,2F2203447334C31000003A00,5160,NULL,57,SG40006796,NULL,3892.15,NULL,133,Found,NULL,
5026,2F2203447334C31000003A01,5160,NULL,57,SG40006799,NULL,3892.15,NULL,133,Found,NULL,
5027,2F2203447334C31000003A02,5160,NULL,57,SG40006842,NULL,3892.15,NULL,133,Found,NULL,
4614,2F2203447334C31000003A03,5171,NULL,48,SJ0380378,NULL,79.99,NULL,83,Missing,NULL,
4615,2F2203447334C31000003A04,5171,NULL,48,SJ0380371,NULL,79.99,NULL,28,Missing,NULL,
4616,2F2203447334C31000003A05,5171,NULL,48,SJ0380384,NULL,79.99,NULL,53,Missing,NULL,
4617,2F2203447334C31000003A06,5171,NULL,48,SJ0380418,NULL,79.99,NULL,135,Missing,NULL,
4618,2F2203447334C31000003A07,5171,NULL,48,SJ0380379,NULL,79.99,NULL,79,Missing,NULL,
4619,2F2203447334C31000003A08,5171,NULL,48,SJ0380412,NULL,79.99,NULL,63,Missing,NULL,
4620,2F2203447334C31000003A09,5171,NULL,48,SJ0380407,NULL,79.99,NULL,143,Missing,NULL,
4621,2F2203447334C31000003A0A,5171,NULL,48,SJ0380417,NULL,79.99,NULL,50,Missing,NULL,
4622,2F2203447334C31000003A0B,5171,NULL,48,SJ0380398,NULL,79.99,NULL,50,Missing,NULL,
4623,2F2203447334C31000003A0C,5171,NULL,48,SJ0380397,NULL,79.99,NULL,50,Missing,NULL,
4730,2F2203447334C31000003A0D,5176,NULL,54,MY40045506,NULL,1055.7,NULL,85,NULL,NULL,
4731,2F2203447334C31000003A0E,5176,NULL,54,MY40045553,NULL,1055.7,NULL,79,NULL,NULL,
4667,2F2203447334C31000003A11,5183,NULL,53,QP0471EVDNR,NULL,NULL,NULL,4,Found,NULL,
5317,2F2203447334C31000003A12,5160,NULL,60,SG40006822,NULL,3892.15,NULL,98,Found,NULL,
5318,2F2203447334C31000003A14,5160,NULL,60,SG40006819,NULL,3892.15,NULL,74,Found,NULL,
5319,2F2203447334C31000003A15,5160,NULL,60,SG40006821,NULL,3892.15,NULL,50,Found,NULL,
5320,2F2203447334C31000003A16,5160,NULL,60,SG40006826,NULL,3892.15,NULL,12,Found,NULL,
5321,2F2203447334C31000003A17,5160,NULL,60,SG40006837,NULL,3892.15,NULL,147,Found,NULL,
4624,2F2203447334C31000003A1C,5171,NULL,48,SJ0380419,NULL,79.99,NULL,44,Missing,NULL,
4625,2F2203447334C31000003A1D,5171,NULL,48,SJ0380393,NULL,79.99,NULL,94,Missing,NULL,
4626,2F2203447334C31000003A1E,5171,NULL,48,SJ0380400,NULL,79.99,NULL,32,Missing,NULL,
4627,2F2203447334C31000003A1F,5171,NULL,48,SJ0380381,NULL,79.99,NULL,32,Missing,NULL,
4628,2F2203447334C31000003A20,5171,NULL,48,SJ0380404,NULL,79.99,NULL,32,Missing,NULL,
4629,2F2203447334C31000003A21,5171,NULL,48,SJ0380413,NULL,79.99,NULL,32,Missing,NULL,
4630,2F2203447334C31000003A22,5171,NULL,48,SJ0380403,NULL,79.99,NULL,32,Missing,NULL,
4631,2F2203447334C31000003A23,5171,NULL,48,SJ0380377,NULL,79.99,NULL,44,Missing,NULL,
4632,2F2203447334C31000003A24,5171,NULL,48,SJ0380408,NULL,79.99,NULL,133,Missing,NULL,
4633,2F2203447334C31000003A25,5171,NULL,48,SJ0380441,NULL,79.99,NULL,89,Missing,NULL,
4634,2F2203447334C31000003A26,5171,NULL,48,SJ0380383,NULL,79.99,NULL,133,Missing,NULL,
4635,2F2203447334C31000003A27,5171,NULL,48,SJ0380402,NULL,79.99,NULL,11,Missing,NULL,
4636,2F2203447334C31000003A28,5171,NULL,48,SJ0380395,NULL,79.99,NULL,44,Missing,NULL,
4637,2F2203447334C31000003A29,5171,NULL,48,SJ0380389,NULL,79.99,NULL,44,Missing,NULL,
4638,2F2203447334C31000003A2A,5171,NULL,48,SJ0380394,NULL,79.99,NULL,44,Missing,NULL,
4639,2F2203447334C31000003A2B,5171,NULL,48,SJ0380409,NULL,79.99,NULL,44,Missing,NULL,
4640,2F2203447334C31000003A2C,5171,NULL,48,SJ0380388,NULL,79.99,NULL,44,Found,NULL,
4641,2F2203447334C31000003A2D,5171,NULL,48,SJ0380399,NULL,79.99,NULL,44,Found,NULL,
4642,2F2203447334C31000003A2E,5171,NULL,48,SJ0380363,NULL,79.99,NULL,44,Found,NULL,
4643,2F2203447334C31000003A2F,5171,NULL,48,SJ0380374,NULL,79.99,NULL,44,Found,NULL,
4732,2F2203447334C31000003A36,5194,NULL,54,904066,NULL,15600,NULL,44,NULL,NULL,
4790,2F2203447334C31000003A39,5198,NULL,56,DE47B00137,awaiting deployment,242000,NULL,44,NULL,NULL,
4791,2F2203447334C31000003A3A,5199,NULL,56,SG49420113,awaiting deployment,241000,NULL,44,NULL,NULL,
5390,2F2203447334C31000003A3B,5253,NULL,60,MY51040045,NULL,1094.4,NULL,44,NULL,NULL,
4506,2F2203447334C31000003A3C,5163,NULL,47,3.55E+14,NULL,682.89,NULL,44,Found,NULL,
4478,2F2203447334C31000003A3D,5161,NULL,47,A0000022261D20,NULL,441.78,NULL,44,Missing,NULL,
4492,2F2203447334C31000003A3E,5162,NULL,47,A0000022739FB5,NULL,592.25,NULL,44,Found,NULL,
4493,2F2203447334C31000003A3F,5162,NULL,47,A000002261FD7D,NULL,592.25,NULL,44,Missing,NULL,
4494,2F2203447334C31000003A40,5162,NULL,47,A000002273C88A,NULL,592.25,NULL,44,Missing,NULL,
4495,2F2203447334C31000003A41,5162,NULL,47,A000002272F06F,NULL,592.25,NULL,44,Missing,NULL,
4496,2F2203447334C31000003A42,5162,NULL,47,A0000022749900,NULL,592.25,NULL,44,Found,NULL,
4497,2F2203447334C31000003A43,5162,NULL,47,A0000022721FD7,NULL,592.25,NULL,44,Missing,NULL,
4498,2F2203447334C31000003A44,5162,NULL,47,A000002272084F,NULL,592.25,NULL,44,Found,NULL,
4499,2F2203447334C31000003A45,5162,NULL,47,A00000227465B5,NULL,592.25,NULL,44,Found,NULL,
4500,2F2203447334C31000003A46,5162,NULL,47,A000002275ACBF,NULL,592.25,NULL,44,Found,NULL,
4501,2F2203447334C31000003A47,5162,NULL,47,A000002275F1D4,NULL,592.25,NULL,44,Found,NULL,
4502,2F2203447334C31000003A48,5162,NULL,47,A000002275A973,NULL,592.25,NULL,44,Found,NULL,
4503,2F2203447334C31000003A49,5162,NULL,47,A00000228CE020,NULL,592.25,NULL,44,Found,NULL,
4504,2F2203447334C31000003A4A,5162,NULL,47,A00000228C99FD,NULL,592.25,NULL,44,Found,NULL,
4505,2F2203447334C31000003A4B,5162,NULL,47,A000002273C698,NULL,592.25,NULL,44,Found,NULL,
4479,2F2203447334C31000003A4C,5161,NULL,47,A0000015EEED75,NULL,441.78,NULL,44,Missing,NULL,
4480,2F2203447334C31000003A4D,5161,NULL,47,A000002221E1E1,NULL,441.78,NULL,103,Missing,NULL,
4481,2F2203447334C31000003A4E,5161,NULL,47,A0000022267099,NULL,441.78,NULL,44,Missing,NULL,
4482,2F2203447334C31000003A4F,5161,NULL,47,A0000015E26A33,NULL,441.78,NULL,44,Missing,NULL,
4483,2F2203447334C31000003A50,5161,NULL,47,A000002226B752,NULL,441.78,NULL,44,Found,NULL,
4484,2F2203447334C31000003A51,5161,NULL,47,A00000221A7EE7,NULL,441.78,NULL,44,Found,NULL,
4485,2F2203447334C31000003A52,5161,NULL,47,A0000022228951,NULL,441.78,NULL,44,Found,NULL,
4486,2F2203447334C31000003A53,5161,NULL,47,A000002223D54A,NULL,441.78,NULL,44,Found,NULL,
4487,2F2203447334C31000003A54,5161,NULL,47,A0000015FF4E35,NULL,441.78,NULL,44,Found,NULL,
4488,2F2203447334C31000003A55,5161,NULL,47,A00000223033EC,NULL,441.78,NULL,44,Found,NULL,
4489,2F2203447334C31000003A56,5161,NULL,47,A000002223D371,NULL,441.78,NULL,44,Found,NULL,
4490,2F2203447334C31000003A57,5161,NULL,47,A00000222225D3,NULL,441.78,NULL,44,Found,NULL,
4491,2F2203447334C31000003A58,5161,NULL,47,A00000221BFDEF,NULL,441.78,NULL,44,Found,NULL,
4507,2F2203447334C31000003A59,5163,NULL,47,3.55E+14,NULL,682.89,NULL,133,Found,NULL,
4508,2F2203447334C31000003A5A,5163,NULL,47,3.55E+14,NULL,682.89,NULL,133,Found,NULL,
4509,2F2203447334C31000003A5B,5163,NULL,47,3.55E+14,NULL,682.89,NULL,133,Found,NULL,
4510,2F2203447334C31000003A5C,5163,NULL,47,3.55E+14,NULL,682.89,NULL,133,Found,NULL,
4511,2F2203447334C31000003A5D,5163,NULL,47,3.55E+14,NULL,682.89,NULL,44,Found,NULL,
4512,2F2203447334C31000003A5E,5163,NULL,47,3.55E+14,NULL,682.89,NULL,133,Found,NULL,
4513,2F2203447334C31000003A5F,5163,NULL,47,3.55E+14,NULL,682.89,NULL,133,Found,NULL,
4514,2F2203447334C31000003A60,5163,NULL,47,3.55E+14,NULL,682.89,NULL,133,Found,NULL,
4515,2F2203447334C31000003A61,5163,NULL,47,3.55E+14,NULL,682.89,NULL,133,Found,NULL,
4516,2F2203447334C31000003A62,5163,NULL,47,3.55E+14,NULL,682.89,NULL,133,Found,NULL,
4517,2F2203447334C31000003A63,5163,NULL,47,3.55E+14,NULL,682.89,NULL,133,Found,NULL,
